# Frost Blade: own blade + simplified Tsukumo sheath
o frost
v -34.015800 -2.157500 -1.099300
v -34.015800 -2.157500 1.099300
v -42.484100 -2.225600 1.099300
v -42.484100 -2.225600 -1.099300
v -34.015800 8.765900 0.723000
v -34.015800 8.765900 -0.723000
v -42.484100 8.697800 -0.723000
v -42.484100 8.697800 0.723000
v -34.015800 3.610700 -1.295900
v -42.484100 3.542600 -1.295900
v -34.015800 3.610700 1.295900
v -42.484100 3.542600 1.295900
v -32.792900 -3.202400 -2.265600
v 41.740299 -1.959200 -2.265600
v 41.740299 -1.959200 2.265600
v -32.792900 -3.202400 2.265600
v -32.792900 9.427600 2.265600
v 41.740299 9.180600 2.265600
v 41.740299 9.180600 -2.265600
v -32.792900 9.427600 -2.265600
v -35.379101 -3.202400 2.265600
v -35.379101 -3.202400 -2.265600
v -35.379101 9.427600 -2.265600
v -35.379101 9.427600 2.265600
v -32.792900 3.631000 -3.566900
v 41.740299 3.610700 -3.566900
v 41.740299 3.610700 3.566900
v -32.792900 3.631000 3.566900
v -35.379101 3.631000 -3.566900
v -35.379101 3.631000 3.566900
v -37.861923 -4.697796 5.597785
v -37.861923 11.495467 5.597785
v -37.861923 11.495467 -5.597785
v -37.861923 -4.697796 -5.597785
v -35.354500 -4.697796 -5.597785
v -35.354500 11.495467 -5.597785
v -35.354500 11.495467 5.597785
v -35.354500 -4.697796 5.597785
v -37.861923 13.958178 5.597785
v -37.861923 13.958178 -5.597785
v -35.354500 13.958178 -5.597785
v -35.354500 13.958178 5.597785
v -37.861923 -7.160507 -5.597785
v -37.861923 -7.160507 5.597785
v -35.354500 -7.160507 5.597785
v -35.354500 -7.160507 -5.597785
v -37.861923 -4.697795 7.967261
v -37.861923 11.495467 7.967261
v -35.354500 11.495467 7.967261
v -35.354500 -4.697795 7.967261
v -37.861923 11.495467 -7.967261
v -37.861923 -4.697795 -7.967261
v -35.354500 -4.697795 -7.967261
v -35.354500 11.495467 -7.967261
v -281.804901 -15.566500 0.566300
v -284.045288 -11.378500 0.000000
v -289.082092 -16.623600 0.000000
v -281.804901 -15.566500 -0.566300
v -285.777710 -21.259600 -0.480300
v -285.777710 -21.259600 0.480300
v -291.654297 -22.069300 0.000000
v -226.674805 -7.817600 -0.566300
v -226.238602 -12.539900 -0.480300
v -226.238602 -12.539900 0.480300
v -226.674805 -7.817600 0.566300
v -227.111298 -3.094900 0.000000
v -170.410400 -1.854300 -0.566300
v -170.108597 -6.593000 -0.480300
v -170.108597 -6.593000 0.480300
v -170.410400 -1.854300 0.566300
v -170.712708 2.883400 0.000000
v -110.031799 2.117100 -0.566300
v -38.565800 3.406000 -0.566300
v -38.568001 -1.346200 -0.480300
v -109.874496 -2.630800 -0.480300
v -109.874496 -2.630800 0.480300
v -38.568001 -1.346200 0.480300
v -38.565800 3.406000 0.566300
v -110.031799 2.117100 0.566300
v -38.564400 8.158000 0.000000
v -110.189796 6.865300 0.000000
v -54.916698 8.560500 4.198300
v -54.767200 2.459500 5.597800
v -41.919601 2.763000 5.597800
v -42.069099 8.864000 4.198300
v -37.568501 8.970500 4.198300
v -37.618301 11.004100 0.000000
v -42.118900 10.897600 0.000000
v -42.069099 8.864000 -4.198300
v -37.568501 8.970500 -4.198300
v -37.348000 7.393200 -1.193600
v -37.323101 8.976500 0.000000
v -37.091900 2.877500 0.000000
v -37.348000 7.393200 1.193600
v -37.418999 2.869500 5.597800
v -37.173599 2.875500 2.296100
v -37.126499 -1.645300 1.193600
v -37.269600 -3.231500 4.198300
v -37.024200 -3.225500 0.000000
v -37.126499 -1.645300 -1.193600
v -37.269600 -3.231500 -4.198300
v -41.770199 -3.338000 -4.198300
v -41.720402 -5.371700 0.000000
v -54.567902 -5.675200 0.000000
v -54.617699 -3.641500 -4.198300
v -71.779503 -4.027800 -4.198400
v -71.960800 2.071700 -5.597800
v -72.142097 8.171300 -4.198400
v -103.108902 6.784900 -4.198300
v -103.201202 8.816700 0.000000
v -72.202599 10.204500 0.000000
v -72.142097 8.171300 4.198300
v -103.108902 6.784900 4.198300
v -137.371002 4.888800 4.198300
v -137.499496 6.918600 0.000000
v -177.967102 3.975200 0.000000
v -177.815002 1.947600 4.198300
v -217.427704 -1.445000 4.198300
v -217.611496 0.578900 0.000000
v -249.440399 -2.677800 0.000000
v -249.195999 -4.695000 4.198300
v -277.026093 -7.829800 4.198300
v -277.326691 -5.818700 0.000000
v -277.026093 -7.829800 -4.198400
v -249.195999 -4.695000 -4.198300
v -248.462906 -10.746800 -5.597800
v -276.124207 -13.863100 -5.597800
v -275.222412 -19.896400 -4.198400
v -247.729797 -16.798700 -4.198300
v -216.324997 -13.588900 -4.198300
v -216.876297 -7.516900 -5.597800
v -217.427704 -1.445000 -4.198300
v -177.815002 1.947600 -4.198300
v -137.371002 4.888800 -4.198300
v -136.985397 -1.200400 -5.597800
v -136.599899 -7.289700 -4.198300
v -176.902405 -10.218300 -4.198300
v -176.750305 -12.246000 0.000000
v -216.141098 -15.612800 0.000000
v -216.324997 -13.588900 4.198300
v -247.729797 -16.798700 4.198300
v -275.222412 -19.896400 4.198300
v -274.921814 -21.907499 0.000000
v -287.091888 -23.589300 0.000000
v -287.411285 -21.580299 -4.198300
v -296.459015 -22.731800 -4.003600
v -297.372589 -16.984200 -5.338100
v -298.286194 -11.236600 -4.003600
v -302.175690 -12.714900 -3.419300
v -302.435791 -11.078700 0.000000
v -298.590698 -9.320800 0.000000
v -298.286194 -11.236600 4.003600
v -302.175690 -12.714900 3.419300
v -302.772095 -14.454200 2.301900
v -303.206512 -13.643200 0.000000
v -302.927887 -17.867201 0.000000
v -302.772095 -14.454200 -2.302000
v -301.395386 -17.623600 -4.559000
v -302.544800 -17.806299 -2.899900
v -301.721588 -21.063601 -2.302000
v -300.615204 -22.532301 -3.419300
v -301.883087 -21.969400 0.000000
v -301.721588 -21.063601 2.301900
v -300.615204 -22.532301 3.419300
v -296.459015 -22.731800 4.003600
v -296.154510 -24.647600 0.000000
v -287.411285 -21.580299 4.198300
v -276.124207 -13.863100 5.597800
v -288.369202 -15.553100 5.597800
v -297.372589 -16.984200 5.338100
v -289.327301 -9.525900 4.198300
v -300.355103 -24.168600 0.000000
v -301.395386 -17.623600 4.559000
v -302.544800 -17.806299 2.899900
v -289.646606 -7.516900 0.000000
v -289.327301 -9.525900 -4.198300
v -288.369202 -15.553100 -5.597800
v -247.485504 -18.815901 0.000000
v -248.462906 -10.746800 5.597800
v -216.876297 -7.516900 5.597800
v -176.902405 -10.218300 4.198300
v -177.358704 -4.135400 5.597800
v -136.599899 -7.289700 4.198300
v -136.471405 -9.319400 0.000000
v -102.462700 -7.437200 0.000000
v -102.555000 -5.405500 4.198300
v -71.779503 -4.027800 4.198300
v -71.719002 -6.061000 0.000000
v -54.617699 -3.641500 4.198300
v -71.960800 2.071700 5.597800
v -102.831902 0.689700 5.597800
v -136.985397 -1.200400 5.597800
v -102.555000 -5.405500 -4.198300
v -177.358704 -4.135400 -5.597800
v -102.831902 0.689700 -5.597800
v -54.966499 10.594100 0.000000
v -54.916698 8.560500 -4.198300
v -41.919601 2.763000 -5.597800
v -54.767200 2.459500 -5.597800
v -41.770199 -3.338000 4.198300
v -37.219700 -5.265200 0.000000
v -37.418999 2.869500 -5.597800
v -37.173599 2.875500 -2.296100
v -41.050800 10.791400 -2.632500
v -43.226799 9.621900 -1.968700
v -60.827301 37.353699 -0.568000
v -58.855598 38.848801 -1.216200
v -75.122803 54.777802 1.098600
v -90.660004 65.758102 1.019600
v -73.511398 56.689098 0.494800
v -73.312401 57.401901 3.018400
v -58.244598 39.113800 1.253600
v -42.615799 9.886900 0.501000
v -60.216301 37.618698 1.901800
v -40.439800 11.056400 -0.162800
v -36.214901 14.383900 -1.618800
v -32.811298 24.614500 -3.909000
v -35.317799 25.222601 -3.389000
v -35.909000 24.840799 -5.848900
v -38.539001 15.429800 -1.197300
v -39.143200 15.071600 -3.657000
v -37.812199 31.505501 -6.326300
v -35.795300 32.942501 -6.982200
v -35.271599 33.333000 -4.507200
v -44.301102 37.772400 -5.637700
v -43.816799 38.038300 -3.137500
v -47.397999 32.896599 -4.443600
v -43.753399 11.219100 -3.465700
v -46.759602 33.110699 -1.975900
v -43.120399 11.433100 -0.996600
v -44.396599 33.050598 -2.568200
v -40.649300 11.555100 -1.640900
v -45.046700 32.787601 -5.027100
v -41.282299 11.341800 -4.110000
v -43.211700 35.060001 -5.588700
v -42.681301 35.357498 -3.104000
v -37.275101 31.876801 -3.852200
v -33.405998 24.211000 -6.365400
v -36.820499 14.027200 -4.078300
v -85.666298 71.533401 -0.835500
v -83.789703 72.347504 6.750500
v -74.918098 55.485500 3.621300
v -88.783302 66.572197 8.605600
v -43.869999 9.263100 -4.435100
v -42.867699 9.032200 -4.240400
v -42.799099 2.870000 -5.653900
v -43.797100 2.818100 -5.913500
v -43.724201 -3.626900 -4.435100
v -43.699799 -5.775300 0.000000
v -44.774700 -5.453800 0.000000
v -44.797501 -3.399700 4.240400
v -43.724201 -3.626900 4.435100
v -43.797100 2.818100 5.913500
v -44.866199 2.762400 5.653900
v -43.869999 9.263100 4.435100
v -44.934799 8.924600 4.240400
v -43.894402 11.411400 0.000000
v -44.957699 10.978700 0.000000
v -44.934799 8.924600 -4.240400
v -42.890598 11.086200 0.000000
v -42.867699 9.032200 4.240400
v -42.799099 2.870000 5.653900
v -42.730400 -3.292100 4.240400
v -42.707600 -5.346200 0.000000
v -44.797501 -3.399700 -4.240400
v -42.730400 -3.292100 -4.240400
v -44.866199 2.762400 -5.653900
v -47.804947 45.264760 12.412144
v -75.519862 79.190522 12.412144
v -75.519823 79.190476 18.773856
v -47.804908 45.264714 18.773856
v -63.330872 34.276770 18.773856
v -89.213896 69.498987 18.773856
v -89.213935 69.499034 12.412144
v -63.330911 34.276816 12.412144
v -56.205206 39.319799 10.585146
v -82.366910 74.344791 10.585146
v -82.366848 74.344718 20.600854
v -56.205144 39.319727 20.600854
v 54.882599 -60.936542 16.388073
v 50.521460 -65.632327 15.593000
v 58.738864 -63.434880 15.593000
v 54.882589 -60.936530 14.797927
v 63.276891 -57.849584 14.918669
v 63.276899 -57.849594 16.267331
v 66.336946 -59.905321 15.593000
v 25.987395 -41.784047 14.797927
v 31.639227 -37.470826 14.918669
v 31.639236 -37.470836 16.267331
v 25.987405 -41.784058 16.388073
v 20.335179 -46.097758 15.593000
v -1.111305 -20.545342 14.797927
v 4.607908 -16.280979 14.918669
v 4.607916 -16.280989 16.267331
v -1.111295 -20.545353 16.388073
v -6.829106 -24.809078 15.593000
v -27.206868 4.358679 14.797927
v -53.900325 36.804056 14.797927
v -48.057708 40.937376 14.918669
v -21.425577 8.563175 14.918669
v -21.425569 8.563165 16.267331
v -48.057699 40.937367 16.267331
v -53.900316 36.804044 16.388073
v -27.206859 4.358667 16.388073
v -59.742410 32.670526 15.593000
v -32.988279 0.153588 15.593000
v -48.659768 43.781317 14.049606
v -48.659749 43.781294 17.136394
v -45.600763 39.863084 17.136394
v -45.600782 39.863106 14.049606
v -62.087806 34.278075 16.608077
v -62.087819 34.278090 14.577923
v -59.028833 30.359879 14.577923
v -59.028820 30.359865 16.608077
v -55.750575 38.763056 13.773583
v -52.691589 34.844845 13.773583
v -55.750553 38.763030 17.412417
v -52.691567 34.844819 17.412417
v -46.896266 44.050007 18.773856
v -46.896305 44.050053 12.412144
v -62.422270 33.062109 12.412144
v -62.422231 33.062063 18.773856
v -55.296564 38.105093 10.585146
v -55.296502 38.105020 20.600854
v 51.641394 32.495857 5.774752
v 46.989729 36.374741 4.879957
v 51.625188 41.937825 4.879957
v 56.276852 38.058941 5.774752
v 57.900824 40.007612 5.774752
v 59.451370 38.714732 8.459010
v 57.827398 36.766061 8.459010
v 56.276922 38.058997 11.143269
v 57.900894 40.007668 11.143269
v 56.760572 41.091890 9.222160
v 57.989557 40.113773 8.459010
v 53.367437 44.028000 8.459010
v 56.760552 41.091874 7.695861
v 53.249161 43.886497 4.879957
v 53.337886 43.992652 6.990958
v 49.869236 46.838381 7.695861
v 48.597486 47.765355 5.774752
v 48.686219 47.871516 8.459010
v 49.869256 46.838396 9.222160
v 48.597556 47.765411 11.143269
v 46.973584 45.816739 11.143269
v 45.422960 47.109681 8.459010
v 40.787536 41.546641 8.459010
v 42.338159 40.253700 11.143269
v 36.160855 32.810597 11.143333
v 40.800469 28.918413 12.038064
v 45.440137 25.026147 11.143333
v 33.762410 12.026510 11.143269
v 35.296938 10.715669 8.459010
v 46.986638 23.728669 8.459010
v 45.440067 25.026091 5.774752
v 33.762340 12.026454 5.774752
v 20.562769 -2.130238 5.774752
v 22.083426 -3.455980 8.459010
v 5.950590 -19.736924 8.459010
v 4.439717 -18.401986 5.774752
v -11.746494 -34.019469 5.774752
v -10.249330 -35.366285 8.459010
v -23.664101 -47.583362 8.459010
v -25.135336 -46.213594 5.774752
v -37.086175 -56.716306 5.774752
v -35.638895 -58.107426 8.459010
v -37.086105 -56.716250 11.143333
v -25.135266 -46.213538 11.143269
v -29.549046 -42.104063 12.038064
v -41.427797 -52.542754 12.038064
v -45.769543 -48.369317 11.143333
v -33.962921 -37.994537 11.143269
v -20.729597 -25.938055 11.143269
v -16.237942 -29.978732 12.038064
v -11.746424 -34.019413 11.143269
v 4.439787 -18.401930 11.143269
v 20.562839 -2.130182 11.143269
v 16.001183 1.847068 12.038064
v 11.439389 5.824313 11.143269
v -4.625476 -10.391951 11.143269
v -6.136426 -9.056951 8.459010
v -22.226724 -24.591191 8.459010
v -20.729667 -25.938111 5.774752
v -33.962991 -37.994592 5.774752
v -45.769613 -48.369373 5.774752
v -47.216822 -46.978197 8.459010
v -52.682609 -51.376735 8.459010
v -51.243387 -52.774962 11.143269
v -55.230705 -56.106759 11.018784
v -51.113222 -60.106963 11.872020
v -46.995772 -64.107198 11.018784
v -49.467822 -64.925131 10.645201
v -48.295718 -66.063929 8.459010
v -45.623360 -65.440578 8.459010
v -46.995839 -64.107251 5.899237
v -49.467879 -64.925176 6.272820
v -51.012909 -64.105490 6.987249
v -50.536571 -64.806711 8.459010
v -53.697127 -62.042764 8.459010
v -51.012871 -64.105460 9.930835
v -52.984287 -61.508736 11.373889
v -53.518914 -61.909263 10.313113
v -55.747737 -59.505473 9.930835
v -56.500814 -58.092410 10.645201
v -56.501307 -59.011852 8.459010
v -55.747775 -59.505504 6.987249
v -56.500871 -58.092455 6.272820
v -55.230772 -56.106812 5.899237
v -56.603184 -54.773432 8.459010
v -51.243457 -52.775018 5.774752
v -41.427890 -52.542828 4.879957
v -46.925664 -56.969791 4.879957
v -51.113311 -60.107034 5.046000
v -42.607909 -61.164627 5.774752
v -57.673051 -56.953596 8.459010
v -52.984363 -61.508797 5.544132
v -53.518963 -61.909302 6.604907
v -41.168657 -62.562812 8.459010
v -42.607839 -61.164571 11.143269
v -46.925571 -56.969716 12.038064
v -35.434194 -36.624815 8.459010
v -29.549140 -42.104137 4.879957
v -16.238035 -29.978807 4.879957
v -4.625546 -10.392007 5.774752
v -0.092965 -14.396975 4.879957
v 11.439319 5.824257 5.774752
v 9.918810 7.149993 8.459010
v 23.020854 21.201909 8.459010
v 24.555305 19.891130 5.774752
v 36.160785 32.810541 5.774752
v 34.614284 34.108019 8.459010
v 42.338089 40.253644 5.774752
v 40.800376 28.918338 4.879957
v 29.158827 15.958805 4.879957
v 16.001089 1.846993 4.879957
v 24.555375 19.891186 11.143269
v -0.092872 -14.396900 12.038064
v 29.158921 15.958879 12.038064
v 53.191939 31.202977 8.459010
v 51.641464 32.495913 11.143269
v 51.625281 41.937899 12.038064
v 46.989823 36.374815 12.038064
v 46.973514 45.816684 5.774752
v 47.046967 49.058398 8.459010
v 53.249254 43.886572 12.038064
v 53.337924 43.992683 9.927063
v 58.111482 37.310691 10.142146
v 56.464499 37.067062 9.717734
v 71.811328 11.859108 8.822171
v 73.639306 11.807822 9.236610
v 80.344886 -5.428654 7.756601
v 83.485945 -19.246255 7.807111
v 82.370245 -5.901311 8.142651
v 82.987853 -6.257588 6.529142
v 74.052881 11.915816 7.657499
v 56.878075 37.175056 8.138687
v 72.224904 11.967103 7.243060
v 58.525057 37.418686 8.563099
v 62.537451 37.231412 9.494019
v 71.589638 32.363284 10.958300
v 71.199667 30.861010 10.625828
v 70.702839 30.834859 12.198609
v 62.547442 35.537270 9.224526
v 62.064354 35.490553 10.797179
v 75.188210 25.818517 12.503844
v 76.986885 25.823771 12.923205
v 77.467291 25.814263 11.340769
v 77.795897 18.997398 12.063575
v 78.166760 19.048099 10.465027
v 72.976466 20.657144 11.300106
v 57.515281 35.833336 10.674868
v 73.360192 20.809209 9.722337
v 57.897081 35.983046 9.096204
v 74.123420 21.904836 10.101035
v 58.837712 37.013297 9.508149
v 73.697992 21.778082 11.673177
v 58.456452 36.863150 11.086813
v 76.078304 21.179922 12.032246
v 76.489316 21.231522 10.443608
v 75.658408 25.827004 10.921983
v 71.074885 32.349124 12.528843
v 62.055040 37.183131 11.066545
v 89.648582 -20.618685 8.993202
v 90.918969 -20.287119 4.142957
v 80.960515 -5.779186 6.143667
v 84.756362 -18.914636 2.956866
v 55.967588 37.003257 11.294671
v 56.132982 37.596319 11.170186
v 51.406451 41.477236 12.073933
v 51.024537 41.062795 12.239913
v 46.081462 45.122313 11.294671
v 44.433721 46.475547 8.459010
v 44.313290 45.793368 8.459010
v 45.888818 44.499712 5.747835
v 46.081388 45.122254 5.623350
v 51.024438 41.062716 4.678108
v 50.615238 40.618814 4.844088
v 55.967514 37.003198 5.623350
v 55.341793 36.737916 5.747835
v 57.615177 35.650026 8.459010
v 56.917357 35.444272 8.459010
v 55.341864 36.737972 11.170186
v 57.708398 36.302682 8.459010
v 56.132911 37.596263 5.747835
v 51.406356 41.477161 4.844088
v 46.679936 45.358060 5.747835
v 45.104408 46.651715 8.459010
v 45.888888 44.499769 11.170186
v 46.680007 45.358116 11.170186
v 50.615333 40.618889 12.073933
v 70.710701 0.000000 0.000000
v 0.000000 70.710701 0.000000
v 0.000000 55.656200 4.000000
v 55.656200 0.000000 4.000000
v 0.000000 -70.710602 0.000000
v 0.000000 -55.656101 4.000000
v -70.710701 0.000000 0.000000
v -55.656101 0.000000 4.000000
v 0.000000 55.656200 -4.000000
v 55.656200 0.000000 -4.000000
v 0.000000 -55.656101 -4.000000
v -55.656101 0.000000 -4.000000
v -35.379000 -3.202000 -2.266000
v -35.379000 -3.202000 2.266000
v -35.379000 3.285667 0.000000
v -35.379000 3.631000 3.567000
v -35.379000 9.428000 2.266000
v -35.379000 9.428000 -2.266000
v -35.379000 3.631000 -3.567000
v -38.050000 4.600000 0.925000
v -38.050000 14.200000 0.925000
v -38.050000 14.200000 -0.925000
v -38.050000 4.600000 -0.925000
v -35.150000 4.600000 0.925000
v -35.150000 4.600000 -0.925000
v -35.150000 14.200000 -0.925000
v -35.150000 14.200000 0.925000
v -38.050000 10.851663 0.501623
v -38.050000 13.972871 -2.308726
v -38.050000 13.069545 -3.311971
v -38.050000 9.948337 -0.501623
v -35.150000 10.851663 0.501623
v -35.150000 9.948337 -0.501623
v -35.150000 13.069545 -3.311971
v -35.150000 13.972871 -2.308726
v -38.050000 9.948337 0.501623
v -38.050000 13.069545 3.311971
v -38.050000 13.972871 2.308726
v -38.050000 10.851663 -0.501623
v -35.150000 9.948337 0.501623
v -35.150000 10.851663 -0.501623
v -35.150000 13.972871 2.308726
v -35.150000 13.069545 3.311971
v -38.050000 3.198927 1.501730
v -38.050000 7.998927 9.815574
v -38.050000 9.601073 8.890574
v -38.050000 4.801073 0.576730
v -35.150000 3.198927 1.501730
v -35.150000 4.801073 0.576730
v -35.150000 9.601073 8.890574
v -35.150000 7.998927 9.815574
v -38.050000 6.691414 6.704141
v -38.050000 10.685851 8.002012
v -38.050000 11.103024 6.718086
v -38.050000 7.108586 5.420215
v -35.150000 6.691414 6.704141
v -35.150000 7.108586 5.420215
v -35.150000 11.103024 6.718086
v -35.150000 10.685851 8.002012
v -38.050000 6.239750 5.921837
v -38.050000 5.366521 10.030057
v -38.050000 6.687021 10.310738
v -38.050000 7.560250 6.202518
v -35.150000 6.239750 5.921837
v -35.150000 7.560250 6.202518
v -35.150000 6.687021 10.310738
v -35.150000 5.366521 10.030057
v -38.050000 1.998927 0.576730
v -38.050000 -2.801073 8.890574
v -38.050000 -1.198927 9.815574
v -38.050000 3.601073 1.501730
v -35.150000 1.998927 0.576730
v -35.150000 3.601073 1.501730
v -35.150000 -1.198927 9.815574
v -35.150000 -2.801073 8.890574
v -38.050000 -0.760250 6.202518
v -38.050000 0.112979 10.310738
v -38.050000 1.433479 10.030057
v -38.050000 0.560250 5.921837
v -35.150000 -0.760250 6.202518
v -35.150000 0.560250 5.921837
v -35.150000 1.433479 10.030057
v -35.150000 0.112979 10.310738
v -38.050000 -0.308586 5.420215
v -38.050000 -4.303024 6.718086
v -38.050000 -3.885851 8.002012
v -38.050000 0.108586 6.704141
v -35.150000 -0.308586 5.420215
v -35.150000 0.108586 6.704141
v -35.150000 -3.885851 8.002012
v -35.150000 -4.303024 6.718086
v -38.050000 2.200000 -0.925000
v -38.050000 -7.400000 -0.925000
v -38.050000 -7.400000 0.925000
v -38.050000 2.200000 0.925000
v -35.150000 2.200000 -0.925000
v -35.150000 2.200000 0.925000
v -35.150000 -7.400000 0.925000
v -35.150000 -7.400000 -0.925000
v -38.050000 -4.051663 -0.501623
v -38.050000 -7.172871 2.308726
v -38.050000 -6.269545 3.311971
v -38.050000 -3.148337 0.501623
v -35.150000 -4.051663 -0.501623
v -35.150000 -3.148337 0.501623
v -35.150000 -6.269545 3.311971
v -35.150000 -7.172871 2.308726
v -38.050000 -3.148337 -0.501623
v -38.050000 -6.269545 -3.311971
v -38.050000 -7.172871 -2.308726
v -38.050000 -4.051663 0.501623
v -35.150000 -3.148337 -0.501623
v -35.150000 -4.051663 0.501623
v -35.150000 -7.172871 -2.308726
v -35.150000 -6.269545 -3.311971
v -38.050000 3.601073 -1.501730
v -38.050000 -1.198927 -9.815574
v -38.050000 -2.801073 -8.890574
v -38.050000 1.998927 -0.576730
v -35.150000 3.601073 -1.501730
v -35.150000 1.998927 -0.576730
v -35.150000 -2.801073 -8.890574
v -35.150000 -1.198927 -9.815574
v -38.050000 0.108586 -6.704141
v -38.050000 -3.885851 -8.002012
v -38.050000 -4.303024 -6.718086
v -38.050000 -0.308586 -5.420215
v -35.150000 0.108586 -6.704141
v -35.150000 -0.308586 -5.420215
v -35.150000 -4.303024 -6.718086
v -35.150000 -3.885851 -8.002012
v -38.050000 0.560250 -5.921837
v -38.050000 1.433479 -10.030057
v -38.050000 0.112979 -10.310738
v -38.050000 -0.760250 -6.202518
v -35.150000 0.560250 -5.921837
v -35.150000 -0.760250 -6.202518
v -35.150000 0.112979 -10.310738
v -35.150000 1.433479 -10.030057
v -38.050000 4.801073 -0.576730
v -38.050000 9.601073 -8.890574
v -38.050000 7.998927 -9.815574
v -38.050000 3.198927 -1.501730
v -35.150000 4.801073 -0.576730
v -35.150000 3.198927 -1.501730
v -35.150000 7.998927 -9.815574
v -35.150000 9.601073 -8.890574
v -38.050000 7.560250 -6.202518
v -38.050000 6.687021 -10.310738
v -38.050000 5.366521 -10.030057
v -38.050000 6.239750 -5.921837
v -35.150000 7.560250 -6.202518
v -35.150000 6.239750 -5.921837
v -35.150000 5.366521 -10.030057
v -35.150000 6.687021 -10.310738
v -38.050000 7.108586 -5.420215
v -38.050000 11.103024 -6.718086
v -38.050000 10.685851 -8.002012
v -38.050000 6.691414 -6.704141
v -35.150000 7.108586 -5.420215
v -35.150000 6.691414 -6.704141
v -35.150000 10.685851 -8.002012
v -35.150000 11.103024 -6.718086
v -55.549310 36.007540 16.891681
v -67.350518 27.655659 16.891681
v -67.350534 27.655678 14.294319
v -55.549326 36.007559 14.294319
v -56.568203 37.369635 16.891681
v -56.568218 37.369654 14.294319
v -68.369426 29.017773 14.294319
v -68.369410 29.017754 16.891681
v -63.234436 30.568675 16.297268
v -67.071338 27.853291 12.351597
v -65.960895 28.639184 10.943061
v -62.123993 31.354568 14.888732
v -64.253329 31.930770 16.297268
v -63.142885 32.716663 14.888732
v -66.979787 30.001279 10.943061
v -68.090231 29.215386 12.351597
v -62.123984 31.354558 16.297268
v -65.960838 28.639117 20.242939
v -67.071299 27.853244 18.834403
v -63.234445 30.568685 14.888732
v -63.142877 32.716652 16.297268
v -64.253337 31.930780 14.888732
v -68.090191 29.215339 18.834403
v -66.979730 30.001211 20.242939
v -53.826976 37.226451 17.701399
v -59.727508 33.050426 29.373863
v -61.697024 31.656587 28.075182
v -55.796491 35.832612 16.402718
v -54.845868 38.588546 17.701399
v -56.815384 37.194707 16.402718
v -62.715916 33.018682 28.075182
v -60.746401 34.412520 29.373863
v -58.120219 34.187978 25.005475
v -63.030540 30.712853 26.827660
v -63.543379 30.349931 25.025054
v -58.633058 33.825055 23.202869
v -59.139112 35.550072 25.005475
v -59.651950 35.187150 23.202869
v -64.562271 31.712026 25.025054
v -64.049432 32.074948 26.827660
v -57.565000 34.580927 23.907137
v -56.491510 35.340584 29.674993
v -58.114788 34.191763 30.069063
v -59.188277 33.432106 24.301207
v -58.583892 35.943022 23.907137
v -60.207170 34.794201 24.301207
v -59.133680 35.553857 30.069063
v -57.510403 36.702678 29.674993
v -52.351833 38.270446 16.402718
v -46.451157 42.446302 28.075182
v -48.420657 41.052444 29.373863
v -54.321332 36.876588 17.701399
v -53.370725 39.632540 16.402718
v -55.340225 38.238683 17.701399
v -49.439549 42.414539 29.373863
v -47.470050 43.808396 28.075182
v -48.959950 40.670837 24.301207
v -50.033369 39.911097 30.069063
v -51.656651 38.762282 29.674993
v -50.583232 39.522022 23.907137
v -49.978842 42.032932 24.301207
v -51.602125 40.884117 23.907137
v -52.675543 40.124377 29.674993
v -51.052261 41.273192 30.069063
v -49.515183 40.277904 23.202869
v -44.604840 43.753002 25.025054
v -45.117656 43.390054 26.827660
v -50.027999 39.914956 25.005475
v -50.534075 41.639999 23.202869
v -51.046892 41.277050 25.005475
v -46.136549 44.752148 26.827660
v -45.623732 45.115096 25.025054
v -52.599024 38.095529 14.294319
v -40.797816 46.447411 14.294319
v -40.797800 46.447392 16.891681
v -52.599008 38.095511 16.891681
v -53.617916 39.457624 14.294319
v -53.617901 39.457605 16.891681
v -41.816693 47.809486 16.891681
v -41.816709 47.809505 14.294319
v -44.913898 43.534395 14.888732
v -41.076996 46.249779 18.834403
v -42.187439 45.463886 20.242939
v -46.024341 42.748502 16.297268
v -45.932790 44.896489 14.888732
v -47.043234 44.110596 16.297268
v -43.206332 46.825980 20.242939
v -42.095888 47.611873 18.834403
v -46.024350 42.748512 14.888732
v -42.187496 45.463953 10.943061
v -41.077036 46.249826 12.351597
v -44.913889 43.534384 16.297268
v -47.043243 44.110606 14.888732
v -45.932782 44.896479 16.297268
v -42.095928 47.611920 12.351597
v -43.206389 46.826048 10.943061
v -54.321358 36.876619 13.484601
v -48.420826 41.052644 1.812137
v -46.451311 42.446482 3.110818
v -52.351843 38.270457 14.783282
v -55.340251 38.238713 13.484601
v -53.370735 39.632552 14.783282
v -47.470203 43.808577 3.110818
v -49.439718 42.414738 1.812137
v -50.028115 39.915092 6.180525
v -45.117794 43.390216 4.358340
v -44.604956 43.753139 6.160946
v -49.515276 40.278014 7.983131
v -51.047007 41.277187 6.180525
v -50.534169 41.640109 7.983131
v -45.623848 45.115233 6.160946
v -46.136687 44.752311 4.358340
v -50.583334 39.522143 7.278863
v -51.656824 38.762486 1.511007
v -50.033546 39.911307 1.116937
v -48.960057 40.670964 6.884793
v -51.602227 40.884237 7.278863
v -49.978949 42.033058 6.884793
v -51.052439 41.273401 1.116937
v -52.675716 40.124581 1.511007
v -55.796501 35.832624 14.783282
v -61.697177 31.656768 3.110818
v -59.727678 33.050626 1.812137
v -53.827002 37.226482 13.484601
v -56.815394 37.194719 14.783282
v -54.845894 38.588576 13.484601
v -60.746570 34.412720 1.812137
v -62.716069 33.018863 3.110818
v -59.188384 33.432232 6.884793
v -58.114966 34.191973 1.116937
v -56.491683 35.340788 1.511007
v -57.565102 34.581047 7.278863
v -60.207277 34.794327 6.884793
v -58.583994 35.943142 7.278863
v -57.510576 36.702882 1.511007
v -59.133858 35.554067 1.116937
v -58.633151 33.825166 7.983131
v -63.543494 30.350068 6.160946
v -63.030678 30.713016 4.358340
v -58.120335 34.188114 6.180525
v -59.652044 35.187260 7.983131
v -59.139227 35.550209 6.180525
v -64.049570 32.075111 4.358340
v -64.562387 31.712162 6.160946
vt 0.179265 0.979650
vt 0.179150 0.977450
vt 0.186965 0.977450
vt 0.187095 0.979650
vt 0.179265 0.979650
vt 0.186965 0.977450
vt 0.179155 0.989420
vt 0.179230 0.990880
vt 0.186995 0.990870
vt 0.186910 0.989420
vt 0.179155 0.989420
vt 0.186995 0.990870
vt 0.179230 0.990880
vt 0.179265 0.985660
vt 0.187070 0.985660
vt 0.186995 0.990870
vt 0.179230 0.990880
vt 0.187070 0.985660
vt 0.179265 0.985660
vt 0.179265 0.979650
vt 0.187095 0.979650
vt 0.187070 0.985660
vt 0.179265 0.985660
vt 0.187095 0.979650
vt 0.179150 0.977450
vt 0.179135 0.983060
vt 0.186915 0.983060
vt 0.186965 0.977450
vt 0.179150 0.977450
vt 0.186915 0.983060
vt 0.179135 0.983060
vt 0.179155 0.989420
vt 0.186910 0.989420
vt 0.186915 0.983060
vt 0.179135 0.983060
vt 0.186910 0.989420
vt 0.186910 0.989420
vt 0.186995 0.990870
vt 0.187070 0.985660
vt 0.187095 0.979650
vt 0.186910 0.989420
vt 0.187070 0.985660
vt 0.186915 0.983060
vt 0.186910 0.989420
vt 0.187095 0.979650
vt 0.186965 0.977450
vt 0.186915 0.983060
vt 0.187095 0.979650
vt 0.342925 0.010220
vt 0.336000 0.401610
vt 0.336000 0.401610
vt 0.342925 0.010220
vt 0.342925 0.010220
vt 0.336000 0.401610
vt 0.272515 0.010220
vt 0.273895 0.401610
vt 0.273895 0.401610
vt 0.272515 0.010220
vt 0.272515 0.010220
vt 0.273895 0.401610
vt 0.045015 0.993510
vt 0.032880 0.993510
vt 0.032880 0.979770
vt 0.045015 0.979770
vt 0.045015 0.993510
vt 0.032880 0.979770
vt 0.008335 0.993510
vt 0.020475 0.993510
vt 0.020475 0.979770
vt 0.008335 0.979770
vt 0.008335 0.993510
vt 0.020475 0.979770
vt 0.304835 0.010220
vt 0.304945 0.401610
vt 0.336000 0.401610
vt 0.342925 0.010220
vt 0.304835 0.010220
vt 0.336000 0.401610
vt 0.304835 0.010220
vt 0.272515 0.010220
vt 0.273895 0.401610
vt 0.304945 0.401610
vt 0.304835 0.010220
vt 0.273895 0.401610
vt 0.336000 0.401610
vt 0.304945 0.401610
vt 0.304945 0.401610
vt 0.336000 0.401610
vt 0.336000 0.401610
vt 0.304945 0.401610
vt 0.304945 0.401610
vt 0.273895 0.401610
vt 0.273895 0.401610
vt 0.304945 0.401610
vt 0.304945 0.401610
vt 0.273895 0.401610
vt 0.336000 0.401610
vt 0.304945 0.401610
vt 0.304835 0.010220
vt 0.342925 0.010220
vt 0.336000 0.401610
vt 0.304835 0.010220
vt 0.304945 0.401610
vt 0.273895 0.401610
vt 0.272515 0.010220
vt 0.304835 0.010220
vt 0.304945 0.401610
vt 0.272515 0.010220
vt 0.020475 0.993510
vt 0.031700 0.993510
vt 0.031700 0.979770
vt 0.020475 0.979770
vt 0.020475 0.993510
vt 0.031700 0.979770
vt 0.031700 0.993510
vt 0.044935 0.993510
vt 0.044935 0.979770
vt 0.031700 0.979770
vt 0.031700 0.993510
vt 0.044935 0.979770
vt 0.032880 0.993510
vt 0.019640 0.993510
vt 0.019640 0.979770
vt 0.032880 0.979770
vt 0.032880 0.993510
vt 0.019640 0.979770
vt 0.019640 0.993510
vt 0.008415 0.993510
vt 0.008415 0.979770
vt 0.019640 0.979770
vt 0.019640 0.993510
vt 0.008415 0.979770
vt 0.364580 0.949620
vt 0.249325 0.949620
vt 0.249325 0.869940
vt 0.364580 0.869940
vt 0.364580 0.949620
vt 0.249325 0.869940
vt 0.364580 0.869940
vt 0.249325 0.869940
vt 0.249325 0.949620
vt 0.364580 0.949620
vt 0.364580 0.869940
vt 0.249325 0.949620
vt 0.249325 0.869940
vt 0.249325 0.949620
vt 0.231795 0.949620
vt 0.231795 0.869940
vt 0.249325 0.869940
vt 0.231795 0.949620
vt 0.249325 0.869940
vt 0.249325 0.869940
vt 0.231795 0.869940
vt 0.231795 0.869940
vt 0.249325 0.869940
vt 0.231795 0.869940
vt 0.249325 0.949620
vt 0.249325 0.869940
vt 0.231795 0.869940
vt 0.231795 0.949620
vt 0.249325 0.949620
vt 0.231795 0.869940
vt 0.249325 0.949620
vt 0.249325 0.949620
vt 0.231795 0.949620
vt 0.231795 0.949620
vt 0.249325 0.949620
vt 0.231795 0.949620
vt 0.231795 0.949620
vt 0.231795 0.869940
vt 0.231795 0.869940
vt 0.231795 0.949620
vt 0.231795 0.949620
vt 0.231795 0.869940
vt 0.364580 0.949620
vt 0.364580 0.869940
vt 0.382105 0.869940
vt 0.382105 0.949620
vt 0.364580 0.949620
vt 0.382105 0.869940
vt 0.364580 0.949620
vt 0.364580 0.949620
vt 0.382105 0.949620
vt 0.382105 0.949620
vt 0.364580 0.949620
vt 0.382105 0.949620
vt 0.364580 0.869940
vt 0.364580 0.949620
vt 0.382105 0.949620
vt 0.382105 0.869940
vt 0.364580 0.869940
vt 0.382105 0.949620
vt 0.364580 0.869940
vt 0.364580 0.869940
vt 0.382105 0.869940
vt 0.382105 0.869940
vt 0.364580 0.869940
vt 0.382105 0.869940
vt 0.382105 0.869940
vt 0.382105 0.949620
vt 0.382105 0.949620
vt 0.382105 0.869940
vt 0.382105 0.869940
vt 0.382105 0.949620
vt 0.249325 0.949620
vt 0.364580 0.949620
vt 0.364580 0.966490
vt 0.249325 0.966490
vt 0.249325 0.949620
vt 0.364580 0.966490
vt 0.249325 0.949620
vt 0.249325 0.949620
vt 0.249325 0.966490
vt 0.249325 0.966490
vt 0.249325 0.949620
vt 0.249325 0.966490
vt 0.364580 0.949620
vt 0.249325 0.949620
vt 0.249325 0.966490
vt 0.364580 0.966490
vt 0.364580 0.949620
vt 0.249325 0.966490
vt 0.364580 0.949620
vt 0.364580 0.949620
vt 0.364580 0.966490
vt 0.364580 0.966490
vt 0.364580 0.949620
vt 0.364580 0.966490
vt 0.364580 0.966490
vt 0.249325 0.966490
vt 0.249325 0.966490
vt 0.364580 0.966490
vt 0.364580 0.966490
vt 0.249325 0.966490
vt 0.364580 0.869940
vt 0.249325 0.869940
vt 0.249325 0.853070
vt 0.364580 0.853070
vt 0.364580 0.869940
vt 0.249325 0.853070
vt 0.364580 0.869940
vt 0.364580 0.869940
vt 0.364580 0.853070
vt 0.364580 0.853070
vt 0.364580 0.869940
vt 0.364580 0.853070
vt 0.249325 0.869940
vt 0.364580 0.869940
vt 0.364580 0.853070
vt 0.249325 0.853070
vt 0.249325 0.869940
vt 0.364580 0.853070
vt 0.249325 0.869940
vt 0.249325 0.869940
vt 0.249325 0.853070
vt 0.249325 0.853070
vt 0.249325 0.869940
vt 0.249325 0.853070
vt 0.249325 0.853070
vt 0.364580 0.853070
vt 0.364580 0.853070
vt 0.249325 0.853070
vt 0.249325 0.853070
vt 0.364580 0.853070
vt 0.450320 0.032360
vt 0.416840 0.092420
vt 0.416840 0.063500
vt 0.416840 0.092420
vt 0.449905 0.034580
vt 0.416840 0.063500
vt 0.449905 0.024940
vt 0.449905 0.024940
vt 0.425110 0.024940
vt 0.449905 0.024940
vt 0.425110 0.024940
vt 0.416840 0.063500
vt 0.449905 0.034580
vt 0.449905 0.024940
vt 0.416840 0.063500
vt 0.449905 0.024940
vt 0.450320 0.032360
vt 0.416840 0.063500
vt 0.425110 0.024940
vt 0.449905 0.024940
vt 0.416840 0.063500
vt 0.449905 0.034580
vt 0.449905 0.150260
vt 0.482970 0.150260
vt 0.482970 0.034580
vt 0.449905 0.034580
vt 0.482970 0.150260
vt 0.450320 0.032360
vt 0.482970 0.034580
vt 0.482970 0.150260
vt 0.449905 0.150260
vt 0.450320 0.032360
vt 0.482970 0.150260
vt 0.482970 0.034580
vt 0.482970 0.034580
vt 0.482970 0.150260
vt 0.482970 0.150260
vt 0.482970 0.034580
vt 0.482970 0.150260
vt 0.450320 0.032360
vt 0.449905 0.150260
vt 0.416840 0.150260
vt 0.416840 0.092420
vt 0.450320 0.032360
vt 0.416840 0.150260
vt 0.449905 0.034580
vt 0.416840 0.092420
vt 0.416840 0.150260
vt 0.449905 0.150260
vt 0.449905 0.034580
vt 0.416840 0.150260
vt 0.482970 0.150260
vt 0.449905 0.150260
vt 0.449905 0.217750
vt 0.482970 0.217750
vt 0.482970 0.150260
vt 0.449905 0.217750
vt 0.449905 0.150260
vt 0.482970 0.150260
vt 0.482970 0.217750
vt 0.449905 0.217750
vt 0.449905 0.150260
vt 0.482970 0.217750
vt 0.482970 0.150260
vt 0.482970 0.150260
vt 0.482970 0.217750
vt 0.482970 0.217750
vt 0.482970 0.150260
vt 0.482970 0.217750
vt 0.416840 0.150260
vt 0.449905 0.150260
vt 0.449905 0.217750
vt 0.416840 0.217750
vt 0.416840 0.150260
vt 0.449905 0.217750
vt 0.449905 0.150260
vt 0.416840 0.150260
vt 0.416840 0.217750
vt 0.449905 0.217750
vt 0.449905 0.150260
vt 0.416840 0.217750
vt 0.449905 0.294870
vt 0.449905 0.391290
vt 0.482970 0.391290
vt 0.482970 0.294870
vt 0.449905 0.294870
vt 0.482970 0.391290
vt 0.482970 0.217750
vt 0.449905 0.217750
vt 0.449905 0.294870
vt 0.482970 0.294870
vt 0.482970 0.217750
vt 0.449905 0.294870
vt 0.482970 0.294870
vt 0.482970 0.391290
vt 0.449905 0.391290
vt 0.449905 0.294870
vt 0.482970 0.294870
vt 0.449905 0.391290
vt 0.449905 0.217750
vt 0.482970 0.217750
vt 0.482970 0.294870
vt 0.449905 0.294870
vt 0.449905 0.217750
vt 0.482970 0.294870
vt 0.482970 0.294870
vt 0.482970 0.391290
vt 0.482970 0.391290
vt 0.482970 0.294870
vt 0.482970 0.294870
vt 0.482970 0.391290
vt 0.482970 0.217750
vt 0.482970 0.217750
vt 0.482970 0.294870
vt 0.482970 0.294870
vt 0.482970 0.217750
vt 0.482970 0.294870
vt 0.449905 0.294870
vt 0.449905 0.391290
vt 0.416840 0.391290
vt 0.416840 0.294870
vt 0.449905 0.294870
vt 0.416840 0.391290
vt 0.416840 0.217750
vt 0.449905 0.217750
vt 0.449905 0.294870
vt 0.416840 0.294870
vt 0.416840 0.217750
vt 0.449905 0.294870
vt 0.416840 0.294870
vt 0.416840 0.391290
vt 0.449905 0.391290
vt 0.449905 0.294870
vt 0.416840 0.294870
vt 0.449905 0.391290
vt 0.449905 0.217750
vt 0.416840 0.217750
vt 0.416840 0.294870
vt 0.449905 0.294870
vt 0.449905 0.217750
vt 0.416840 0.294870
vt 0.179265 0.979650
vt 0.179150 0.977450
vt 0.186965 0.977450
vt 0.187095 0.979650
vt 0.179265 0.979650
vt 0.186965 0.977450
vt 0.179155 0.989420
vt 0.179230 0.990880
vt 0.186995 0.990870
vt 0.186910 0.989420
vt 0.179155 0.989420
vt 0.186995 0.990870
vt 0.179230 0.990880
vt 0.179265 0.985660
vt 0.187070 0.985660
vt 0.186995 0.990870
vt 0.179230 0.990880
vt 0.187070 0.985660
vt 0.179265 0.985660
vt 0.179265 0.979650
vt 0.187095 0.979650
vt 0.187070 0.985660
vt 0.179265 0.985660
vt 0.187095 0.979650
vt 0.179150 0.977450
vt 0.179135 0.983060
vt 0.186915 0.983060
vt 0.186965 0.977450
vt 0.179150 0.977450
vt 0.186915 0.983060
vt 0.179135 0.983060
vt 0.179155 0.989420
vt 0.186910 0.989420
vt 0.186915 0.983060
vt 0.179135 0.983060
vt 0.186910 0.989420
vt 0.186910 0.989420
vt 0.186995 0.990870
vt 0.187070 0.985660
vt 0.187095 0.979650
vt 0.186910 0.989420
vt 0.187070 0.985660
vt 0.186915 0.983060
vt 0.186910 0.989420
vt 0.187095 0.979650
vt 0.186965 0.977450
vt 0.186915 0.983060
vt 0.187095 0.979650
vt 0.342925 0.010220
vt 0.336000 0.401610
vt 0.336000 0.401610
vt 0.342925 0.010220
vt 0.342925 0.010220
vt 0.336000 0.401610
vt 0.272515 0.010220
vt 0.273895 0.401610
vt 0.273895 0.401610
vt 0.272515 0.010220
vt 0.272515 0.010220
vt 0.273895 0.401610
vt 0.045015 0.993510
vt 0.032880 0.993510
vt 0.032880 0.979770
vt 0.045015 0.979770
vt 0.045015 0.993510
vt 0.032880 0.979770
vt 0.008335 0.993510
vt 0.020475 0.993510
vt 0.020475 0.979770
vt 0.008335 0.979770
vt 0.008335 0.993510
vt 0.020475 0.979770
vt 0.304835 0.010220
vt 0.304945 0.401610
vt 0.336000 0.401610
vt 0.342925 0.010220
vt 0.304835 0.010220
vt 0.336000 0.401610
vt 0.304835 0.010220
vt 0.272515 0.010220
vt 0.273895 0.401610
vt 0.304945 0.401610
vt 0.304835 0.010220
vt 0.273895 0.401610
vt 0.336000 0.401610
vt 0.304945 0.401610
vt 0.304945 0.401610
vt 0.336000 0.401610
vt 0.336000 0.401610
vt 0.304945 0.401610
vt 0.304945 0.401610
vt 0.273895 0.401610
vt 0.273895 0.401610
vt 0.304945 0.401610
vt 0.304945 0.401610
vt 0.273895 0.401610
vt 0.336000 0.401610
vt 0.304945 0.401610
vt 0.304835 0.010220
vt 0.342925 0.010220
vt 0.336000 0.401610
vt 0.304835 0.010220
vt 0.304945 0.401610
vt 0.273895 0.401610
vt 0.272515 0.010220
vt 0.304835 0.010220
vt 0.304945 0.401610
vt 0.272515 0.010220
vt 0.020475 0.993510
vt 0.031700 0.993510
vt 0.031700 0.979770
vt 0.020475 0.979770
vt 0.020475 0.993510
vt 0.031700 0.979770
vt 0.031700 0.993510
vt 0.044935 0.993510
vt 0.044935 0.979770
vt 0.031700 0.979770
vt 0.031700 0.993510
vt 0.044935 0.979770
vt 0.032880 0.993510
vt 0.019640 0.993510
vt 0.019640 0.979770
vt 0.032880 0.979770
vt 0.032880 0.993510
vt 0.019640 0.979770
vt 0.019640 0.993510
vt 0.008415 0.993510
vt 0.008415 0.979770
vt 0.019640 0.979770
vt 0.019640 0.993510
vt 0.008415 0.979770
vt 0.449905 0.294870
vt 0.449905 0.391290
vt 0.482970 0.391290
vt 0.482970 0.294870
vt 0.449905 0.294870
vt 0.482970 0.391290
vt 0.482970 0.294870
vt 0.482970 0.391290
vt 0.449905 0.391290
vt 0.449905 0.294870
vt 0.482970 0.294870
vt 0.449905 0.391290
vt 0.482970 0.294870
vt 0.482970 0.391290
vt 0.482970 0.391290
vt 0.482970 0.294870
vt 0.482970 0.294870
vt 0.482970 0.391290
vt 0.449905 0.294870
vt 0.449905 0.391290
vt 0.416840 0.391290
vt 0.416840 0.294870
vt 0.449905 0.294870
vt 0.416840 0.391290
vt 0.416840 0.294870
vt 0.416840 0.391290
vt 0.449905 0.391290
vt 0.449905 0.294870
vt 0.416840 0.294870
vt 0.449905 0.391290
vt 0.179265 0.979650
vt 0.179150 0.977450
vt 0.186965 0.977450
vt 0.187095 0.979650
vt 0.179265 0.979650
vt 0.186965 0.977450
vt 0.179155 0.989420
vt 0.179230 0.990880
vt 0.186995 0.990870
vt 0.186910 0.989420
vt 0.179155 0.989420
vt 0.186995 0.990870
vt 0.179230 0.990880
vt 0.179265 0.985660
vt 0.187070 0.985660
vt 0.186995 0.990870
vt 0.179230 0.990880
vt 0.187070 0.985660
vt 0.179265 0.985660
vt 0.179265 0.979650
vt 0.187095 0.979650
vt 0.187070 0.985660
vt 0.179265 0.985660
vt 0.187095 0.979650
vt 0.179150 0.977450
vt 0.179135 0.983060
vt 0.186915 0.983060
vt 0.186965 0.977450
vt 0.179150 0.977450
vt 0.186915 0.983060
vt 0.179135 0.983060
vt 0.179155 0.989420
vt 0.186910 0.989420
vt 0.186915 0.983060
vt 0.179135 0.983060
vt 0.186910 0.989420
vt 0.186910 0.989420
vt 0.186995 0.990870
vt 0.187070 0.985660
vt 0.187095 0.979650
vt 0.186910 0.989420
vt 0.187070 0.985660
vt 0.186915 0.983060
vt 0.186910 0.989420
vt 0.187095 0.979650
vt 0.186965 0.977450
vt 0.186915 0.983060
vt 0.187095 0.979650
vt 0.342925 0.010220
vt 0.336000 0.401610
vt 0.336000 0.401610
vt 0.342925 0.010220
vt 0.342925 0.010220
vt 0.336000 0.401610
vt 0.272515 0.010220
vt 0.273895 0.401610
vt 0.273895 0.401610
vt 0.272515 0.010220
vt 0.272515 0.010220
vt 0.273895 0.401610
vt 0.045015 0.993510
vt 0.032880 0.993510
vt 0.032880 0.979770
vt 0.045015 0.979770
vt 0.045015 0.993510
vt 0.032880 0.979770
vt 0.008335 0.993510
vt 0.020475 0.993510
vt 0.020475 0.979770
vt 0.008335 0.979770
vt 0.008335 0.993510
vt 0.020475 0.979770
vt 0.304835 0.010220
vt 0.304945 0.401610
vt 0.336000 0.401610
vt 0.342925 0.010220
vt 0.304835 0.010220
vt 0.336000 0.401610
vt 0.304835 0.010220
vt 0.272515 0.010220
vt 0.273895 0.401610
vt 0.304945 0.401610
vt 0.304835 0.010220
vt 0.273895 0.401610
vt 0.336000 0.401610
vt 0.304945 0.401610
vt 0.304945 0.401610
vt 0.336000 0.401610
vt 0.336000 0.401610
vt 0.304945 0.401610
vt 0.304945 0.401610
vt 0.273895 0.401610
vt 0.273895 0.401610
vt 0.304945 0.401610
vt 0.304945 0.401610
vt 0.273895 0.401610
vt 0.336000 0.401610
vt 0.304945 0.401610
vt 0.304835 0.010220
vt 0.342925 0.010220
vt 0.336000 0.401610
vt 0.304835 0.010220
vt 0.304945 0.401610
vt 0.273895 0.401610
vt 0.272515 0.010220
vt 0.304835 0.010220
vt 0.304945 0.401610
vt 0.272515 0.010220
vt 0.020475 0.993510
vt 0.031700 0.993510
vt 0.031700 0.979770
vt 0.020475 0.979770
vt 0.020475 0.993510
vt 0.031700 0.979770
vt 0.031700 0.993510
vt 0.044935 0.993510
vt 0.044935 0.979770
vt 0.031700 0.979770
vt 0.031700 0.993510
vt 0.044935 0.979770
vt 0.032880 0.993510
vt 0.019640 0.993510
vt 0.019640 0.979770
vt 0.032880 0.979770
vt 0.032880 0.993510
vt 0.019640 0.979770
vt 0.019640 0.993510
vt 0.008415 0.993510
vt 0.008415 0.979770
vt 0.019640 0.979770
vt 0.019640 0.993510
vt 0.008415 0.979770
vt 0.450320 0.032360
vt 0.416840 0.092420
vt 0.416840 0.063500
vt 0.416840 0.092420
vt 0.449905 0.034580
vt 0.416840 0.063500
vt 0.449905 0.024940
vt 0.449905 0.024940
vt 0.425110 0.024940
vt 0.449905 0.024940
vt 0.425110 0.024940
vt 0.416840 0.063500
vt 0.449905 0.034580
vt 0.449905 0.024940
vt 0.416840 0.063500
vt 0.449905 0.024940
vt 0.450320 0.032360
vt 0.416840 0.063500
vt 0.425110 0.024940
vt 0.449905 0.024940
vt 0.416840 0.063500
vt 0.449905 0.034580
vt 0.449905 0.150260
vt 0.482970 0.150260
vt 0.482970 0.034580
vt 0.449905 0.034580
vt 0.482970 0.150260
vt 0.450320 0.032360
vt 0.482970 0.034580
vt 0.482970 0.150260
vt 0.449905 0.150260
vt 0.450320 0.032360
vt 0.482970 0.150260
vt 0.482970 0.034580
vt 0.482970 0.034580
vt 0.482970 0.150260
vt 0.482970 0.150260
vt 0.482970 0.034580
vt 0.482970 0.150260
vt 0.450320 0.032360
vt 0.449905 0.150260
vt 0.416840 0.150260
vt 0.416840 0.092420
vt 0.450320 0.032360
vt 0.416840 0.150260
vt 0.449905 0.034580
vt 0.416840 0.092420
vt 0.416840 0.150260
vt 0.449905 0.150260
vt 0.449905 0.034580
vt 0.416840 0.150260
vt 0.482970 0.150260
vt 0.449905 0.150260
vt 0.449905 0.217750
vt 0.482970 0.217750
vt 0.482970 0.150260
vt 0.449905 0.217750
vt 0.449905 0.150260
vt 0.482970 0.150260
vt 0.482970 0.217750
vt 0.449905 0.217750
vt 0.449905 0.150260
vt 0.482970 0.217750
vt 0.482970 0.150260
vt 0.482970 0.150260
vt 0.482970 0.217750
vt 0.482970 0.217750
vt 0.482970 0.150260
vt 0.482970 0.217750
vt 0.416840 0.150260
vt 0.449905 0.150260
vt 0.449905 0.217750
vt 0.416840 0.217750
vt 0.416840 0.150260
vt 0.449905 0.217750
vt 0.449905 0.150260
vt 0.416840 0.150260
vt 0.416840 0.217750
vt 0.449905 0.217750
vt 0.449905 0.150260
vt 0.416840 0.217750
vt 0.482970 0.217750
vt 0.449905 0.217750
vt 0.449905 0.294870
vt 0.482970 0.294870
vt 0.482970 0.217750
vt 0.449905 0.294870
vt 0.449905 0.217750
vt 0.482970 0.217750
vt 0.482970 0.294870
vt 0.449905 0.294870
vt 0.449905 0.217750
vt 0.482970 0.294870
vt 0.482970 0.217750
vt 0.482970 0.217750
vt 0.482970 0.294870
vt 0.482970 0.294870
vt 0.482970 0.217750
vt 0.482970 0.294870
vt 0.416840 0.217750
vt 0.449905 0.217750
vt 0.449905 0.294870
vt 0.416840 0.294870
vt 0.416840 0.217750
vt 0.449905 0.294870
vt 0.449905 0.217750
vt 0.416840 0.217750
vt 0.416840 0.294870
vt 0.449905 0.294870
vt 0.449905 0.217750
vt 0.416840 0.294870
vt 0.547190 0.923340
vt 0.568000 0.923340
vt 0.568000 0.969130
vt 0.547190 0.969130
vt 0.568000 0.969130
vt 0.547190 0.985390
vt 0.547190 0.985390
vt 0.538920 0.985390
vt 0.538920 0.969130
vt 0.547190 0.969130
vt 0.538920 0.969130
vt 0.547190 0.985390
vt 0.568000 0.985390
vt 0.547190 0.985390
vt 0.547190 0.985390
vt 0.648590 0.965470
vt 0.648280 0.986300
vt 0.649000 0.965490
vt 0.568000 0.985390
vt 0.568000 0.985390
vt 0.568000 0.985390
vt 0.568000 0.985390
vt 0.568000 0.985390
vt 0.592715 0.985390
vt 0.592715 0.985390
vt 0.590310 0.985390
vt 0.590310 0.985390
vt 0.592715 0.985390
vt 0.590310 0.985390
vt 0.590310 0.985390
vt 0.590310 0.969130
vt 0.590310 0.985390
vt 0.597705 0.969130
vt 0.597705 0.969130
vt 0.597705 0.923340
vt 0.590310 0.923340
vt 0.590310 0.862070
vt 0.568000 0.862070
vt 0.590310 0.923340
vt 0.547190 0.862070
vt 0.568000 0.862070
vt 0.547190 0.751850
vt 0.547190 0.751850
vt 0.538920 0.751850
vt 0.538920 0.862070
vt 0.547190 0.862070
vt 0.538920 0.862070
vt 0.547190 0.751850
vt 0.547190 0.629810
vt 0.547190 0.751850
vt 0.538920 0.629810
vt 0.538920 0.629810
vt 0.538920 0.485340
vt 0.547190 0.485340
vt 0.547190 0.343790
vt 0.547190 0.485340
vt 0.538920 0.343790
vt 0.538920 0.343790
vt 0.538920 0.230490
vt 0.547190 0.230490
vt 0.547190 0.131190
vt 0.547190 0.230490
vt 0.538920 0.131190
vt 0.547190 0.131190
vt 0.538920 0.131190
vt 0.547190 0.230490
vt 0.547190 0.230490
vt 0.568000 0.230490
vt 0.568000 0.131190
vt 0.590310 0.131190
vt 0.568000 0.131190
vt 0.590310 0.230490
vt 0.590310 0.343790
vt 0.590310 0.230490
vt 0.568000 0.343790
vt 0.547190 0.343790
vt 0.547190 0.485340
vt 0.568000 0.343790
vt 0.547190 0.629810
vt 0.568000 0.629810
vt 0.547190 0.485340
vt 0.590310 0.629810
vt 0.590310 0.485340
vt 0.568000 0.629810
vt 0.590310 0.485340
vt 0.597705 0.485340
vt 0.597705 0.343790
vt 0.590310 0.343790
vt 0.590310 0.230490
vt 0.597705 0.343790
vt 0.590310 0.131190
vt 0.597705 0.131190
vt 0.590310 0.230490
vt 0.597705 0.131190
vt 0.597705 0.087140
vt 0.590310 0.087140
vt 0.590310 0.054690
vt 0.568000 0.054690
vt 0.590310 0.087140
vt 0.547190 0.054690
vt 0.568000 0.054690
vt 0.547190 0.040200
vt 0.547190 0.040200
vt 0.538920 0.040200
vt 0.538920 0.054690
vt 0.547190 0.054690
vt 0.538920 0.054690
vt 0.547190 0.040200
vt 0.568000 0.036980
vt 0.547190 0.040200
vt 0.547190 0.036980
vt 0.568000 0.036980
vt 0.547190 0.036980
vt 0.568000 0.036980
vt 0.568000 0.040200
vt 0.568000 0.036980
vt 0.568000 0.036980
vt 0.568000 0.036980
vt 0.568000 0.040200
vt 0.590310 0.036980
vt 0.590310 0.036980
vt 0.590310 0.040200
vt 0.590310 0.036980
vt 0.590310 0.036980
vt 0.590310 0.036980
vt 0.590310 0.040200
vt 0.590310 0.054690
vt 0.590310 0.040200
vt 0.597705 0.054690
vt 0.590310 0.054690
vt 0.597705 0.054690
vt 0.590310 0.087140
vt 0.568000 0.131190
vt 0.568000 0.087140
vt 0.590310 0.087140
vt 0.568000 0.054690
vt 0.568000 0.087140
vt 0.547190 0.087140
vt 0.547190 0.087140
vt 0.568000 0.087140
vt 0.568000 0.131190
vt 0.590310 0.087140
vt 0.568000 0.087140
vt 0.568000 0.054690
vt 0.590310 0.054690
vt 0.590310 0.087140
vt 0.568000 0.054690
vt 0.590310 0.040200
vt 0.597705 0.040200
vt 0.597705 0.054690
vt 0.590310 0.054690
vt 0.568000 0.054690
vt 0.590310 0.040200
vt 0.568000 0.054690
vt 0.568000 0.040200
vt 0.590310 0.040200
vt 0.590310 0.040200
vt 0.568000 0.040200
vt 0.590310 0.036980
vt 0.568000 0.040200
vt 0.568000 0.036980
vt 0.590310 0.036980
vt 0.590310 0.036980
vt 0.597705 0.040200
vt 0.590310 0.040200
vt 0.597705 0.054690
vt 0.597705 0.040200
vt 0.590310 0.040200
vt 0.590310 0.040200
vt 0.597705 0.040200
vt 0.590310 0.036980
vt 0.568000 0.040200
vt 0.590310 0.040200
vt 0.590310 0.036980
vt 0.568000 0.036980
vt 0.568000 0.036980
vt 0.568000 0.036980
vt 0.590310 0.036980
vt 0.568000 0.036980
vt 0.590310 0.036980
vt 0.568000 0.036980
vt 0.568000 0.036980
vt 0.590310 0.036980
vt 0.568000 0.036980
vt 0.568000 0.036980
vt 0.590310 0.036980
vt 0.568000 0.036980
vt 0.590310 0.036980
vt 0.590310 0.036980
vt 0.547190 0.036980
vt 0.568000 0.036980
vt 0.568000 0.036980
vt 0.568000 0.036980
vt 0.568000 0.036980
vt 0.568000 0.036980
vt 0.568000 0.036980
vt 0.568000 0.040200
vt 0.568000 0.036980
vt 0.547190 0.040200
vt 0.568000 0.040200
vt 0.568000 0.054690
vt 0.568000 0.040200
vt 0.547190 0.040200
vt 0.568000 0.036980
vt 0.547190 0.054690
vt 0.547190 0.040200
vt 0.568000 0.054690
vt 0.547190 0.054690
vt 0.568000 0.054690
vt 0.547190 0.087140
vt 0.538920 0.054690
vt 0.538920 0.087140
vt 0.547190 0.087140
vt 0.547190 0.054690
vt 0.547190 0.087140
vt 0.538920 0.054690
vt 0.547190 0.087140
vt 0.538920 0.087140
vt 0.538920 0.054690
vt 0.538920 0.054690
vt 0.538920 0.040200
vt 0.547190 0.040200
vt 0.547190 0.040200
vt 0.538920 0.040200
vt 0.547190 0.036980
vt 0.568000 0.036980
vt 0.547190 0.036980
vt 0.547190 0.040200
vt 0.547190 0.036980
vt 0.538920 0.040200
vt 0.547190 0.040200
vt 0.547190 0.040200
vt 0.568000 0.040200
vt 0.568000 0.036980
vt 0.547190 0.054690
vt 0.547190 0.040200
vt 0.538920 0.054690
vt 0.547190 0.054690
vt 0.538920 0.054690
vt 0.547190 0.087140
vt 0.568000 0.054690
vt 0.568000 0.040200
vt 0.547190 0.040200
vt 0.590310 0.040200
vt 0.568000 0.040200
vt 0.568000 0.054690
vt 0.547190 0.054690
vt 0.547190 0.087140
vt 0.568000 0.054690
vt 0.547190 0.087140
vt 0.568000 0.087140
vt 0.568000 0.054690
vt 0.590310 0.054690
vt 0.590310 0.040200
vt 0.568000 0.054690
vt 0.590310 0.054690
vt 0.597705 0.054690
vt 0.590310 0.040200
vt 0.568000 0.054690
vt 0.568000 0.087140
vt 0.590310 0.087140
vt 0.590310 0.054690
vt 0.590310 0.087140
vt 0.597705 0.054690
vt 0.597705 0.054690
vt 0.597705 0.087140
vt 0.590310 0.087140
vt 0.590310 0.087140
vt 0.597705 0.087140
vt 0.597705 0.054690
vt 0.590310 0.087140
vt 0.597705 0.087140
vt 0.597705 0.131190
vt 0.590310 0.131190
vt 0.590310 0.087140
vt 0.597705 0.131190
vt 0.590310 0.131190
vt 0.568000 0.131190
vt 0.590310 0.087140
vt 0.597705 0.131190
vt 0.597705 0.230490
vt 0.590310 0.230490
vt 0.590310 0.131190
vt 0.590310 0.230490
vt 0.568000 0.131190
vt 0.590310 0.230490
vt 0.568000 0.230490
vt 0.568000 0.131190
vt 0.568000 0.343790
vt 0.568000 0.230490
vt 0.590310 0.230490
vt 0.590310 0.485340
vt 0.568000 0.485340
vt 0.568000 0.343790
vt 0.590310 0.629810
vt 0.590310 0.485340
vt 0.597705 0.629810
vt 0.597705 0.629810
vt 0.597705 0.751850
vt 0.590310 0.751850
vt 0.590310 0.862070
vt 0.590310 0.751850
vt 0.597705 0.862070
vt 0.590310 0.862070
vt 0.597705 0.862070
vt 0.590310 0.923340
vt 0.590310 0.862070
vt 0.590310 0.923340
vt 0.568000 0.862070
vt 0.590310 0.862070
vt 0.568000 0.862070
vt 0.590310 0.751850
vt 0.568000 0.862070
vt 0.568000 0.751850
vt 0.590310 0.751850
vt 0.590310 0.751850
vt 0.568000 0.751850
vt 0.568000 0.629810
vt 0.597705 0.862070
vt 0.597705 0.751850
vt 0.590310 0.751850
vt 0.590310 0.751850
vt 0.597705 0.751850
vt 0.597705 0.862070
vt 0.590310 0.751850
vt 0.597705 0.751850
vt 0.597705 0.629810
vt 0.590310 0.629810
vt 0.597705 0.629810
vt 0.590310 0.751850
vt 0.590310 0.629810
vt 0.590310 0.751850
vt 0.568000 0.629810
vt 0.590310 0.629810
vt 0.568000 0.629810
vt 0.590310 0.485340
vt 0.568000 0.629810
vt 0.568000 0.485340
vt 0.590310 0.485340
vt 0.590310 0.343790
vt 0.568000 0.343790
vt 0.590310 0.230490
vt 0.590310 0.343790
vt 0.590310 0.485340
vt 0.568000 0.343790
vt 0.590310 0.230490
vt 0.597705 0.230490
vt 0.597705 0.343790
vt 0.590310 0.343790
vt 0.597705 0.343790
vt 0.590310 0.485340
vt 0.590310 0.485340
vt 0.597705 0.485340
vt 0.597705 0.629810
vt 0.597705 0.343790
vt 0.597705 0.485340
vt 0.590310 0.485340
vt 0.597705 0.629810
vt 0.597705 0.485340
vt 0.590310 0.485340
vt 0.590310 0.629810
vt 0.597705 0.629810
vt 0.590310 0.485340
vt 0.590310 0.629810
vt 0.590310 0.751850
vt 0.597705 0.629810
vt 0.590310 0.485340
vt 0.568000 0.485340
vt 0.568000 0.629810
vt 0.590310 0.629810
vt 0.568000 0.629810
vt 0.590310 0.751850
vt 0.568000 0.629810
vt 0.568000 0.751850
vt 0.590310 0.751850
vt 0.568000 0.629810
vt 0.568000 0.485340
vt 0.547190 0.485340
vt 0.547190 0.485340
vt 0.568000 0.485340
vt 0.568000 0.343790
vt 0.568000 0.343790
vt 0.568000 0.485340
vt 0.590310 0.485340
vt 0.590310 0.343790
vt 0.568000 0.343790
vt 0.590310 0.485340
vt 0.590310 0.343790
vt 0.590310 0.485340
vt 0.597705 0.343790
vt 0.590310 0.230490
vt 0.597705 0.230490
vt 0.597705 0.131190
vt 0.590310 0.343790
vt 0.597705 0.343790
vt 0.590310 0.230490
vt 0.597705 0.343790
vt 0.597705 0.230490
vt 0.590310 0.230490
vt 0.590310 0.131190
vt 0.590310 0.230490
vt 0.597705 0.131190
vt 0.590310 0.131190
vt 0.597705 0.131190
vt 0.590310 0.087140
vt 0.568000 0.131190
vt 0.568000 0.087140
vt 0.547190 0.087140
vt 0.590310 0.131190
vt 0.590310 0.087140
vt 0.568000 0.131190
vt 0.590310 0.087140
vt 0.568000 0.087140
vt 0.568000 0.131190
vt 0.568000 0.131190
vt 0.568000 0.230490
vt 0.590310 0.230490
vt 0.590310 0.230490
vt 0.568000 0.230490
vt 0.568000 0.343790
vt 0.547190 0.343790
vt 0.568000 0.343790
vt 0.547190 0.230490
vt 0.568000 0.343790
vt 0.568000 0.230490
vt 0.547190 0.230490
vt 0.547190 0.131190
vt 0.547190 0.230490
vt 0.568000 0.131190
vt 0.547190 0.131190
vt 0.568000 0.131190
vt 0.547190 0.087140
vt 0.538920 0.131190
vt 0.538920 0.087140
vt 0.547190 0.087140
vt 0.547190 0.131190
vt 0.547190 0.087140
vt 0.538920 0.131190
vt 0.547190 0.087140
vt 0.538920 0.087140
vt 0.538920 0.131190
vt 0.568000 0.131190
vt 0.568000 0.230490
vt 0.547190 0.131190
vt 0.547190 0.131190
vt 0.538920 0.131190
vt 0.547190 0.087140
vt 0.547190 0.131190
vt 0.547190 0.087140
vt 0.568000 0.131190
vt 0.568000 0.230490
vt 0.547190 0.230490
vt 0.547190 0.131190
vt 0.547190 0.230490
vt 0.568000 0.230490
vt 0.568000 0.343790
vt 0.538920 0.131190
vt 0.538920 0.230490
vt 0.547190 0.230490
vt 0.547190 0.230490
vt 0.538920 0.230490
vt 0.538920 0.131190
vt 0.547190 0.343790
vt 0.547190 0.230490
vt 0.538920 0.343790
vt 0.547190 0.230490
vt 0.538920 0.230490
vt 0.538920 0.343790
vt 0.547190 0.343790
vt 0.538920 0.343790
vt 0.547190 0.485340
vt 0.547190 0.343790
vt 0.538920 0.343790
vt 0.547190 0.230490
vt 0.547190 0.343790
vt 0.547190 0.230490
vt 0.568000 0.343790
vt 0.547190 0.485340
vt 0.568000 0.485340
vt 0.568000 0.629810
vt 0.547190 0.343790
vt 0.568000 0.343790
vt 0.547190 0.485340
vt 0.568000 0.343790
vt 0.568000 0.485340
vt 0.547190 0.485340
vt 0.547190 0.485340
vt 0.538920 0.485340
vt 0.538920 0.343790
vt 0.538920 0.343790
vt 0.538920 0.485340
vt 0.547190 0.485340
vt 0.547190 0.629810
vt 0.547190 0.485340
vt 0.538920 0.629810
vt 0.547190 0.485340
vt 0.538920 0.485340
vt 0.538920 0.629810
vt 0.547190 0.629810
vt 0.538920 0.629810
vt 0.547190 0.485340
vt 0.547190 0.629810
vt 0.547190 0.485340
vt 0.568000 0.629810
vt 0.547190 0.751850
vt 0.568000 0.751850
vt 0.568000 0.862070
vt 0.547190 0.629810
vt 0.568000 0.629810
vt 0.547190 0.751850
vt 0.568000 0.629810
vt 0.568000 0.751850
vt 0.547190 0.751850
vt 0.547190 0.862070
vt 0.547190 0.751850
vt 0.568000 0.862070
vt 0.538920 0.862070
vt 0.538920 0.923340
vt 0.547190 0.923340
vt 0.568000 0.969130
vt 0.568000 0.923340
vt 0.547190 0.923340
vt 0.538920 0.862070
vt 0.538920 0.751850
vt 0.547190 0.751850
vt 0.547190 0.751850
vt 0.538920 0.751850
vt 0.538920 0.629810
vt 0.547190 0.629810
vt 0.538920 0.629810
vt 0.547190 0.751850
vt 0.538920 0.629810
vt 0.538920 0.751850
vt 0.547190 0.751850
vt 0.547190 0.629810
vt 0.547190 0.751850
vt 0.568000 0.629810
vt 0.547190 0.751850
vt 0.568000 0.751850
vt 0.568000 0.629810
vt 0.547190 0.862070
vt 0.547190 0.751850
vt 0.538920 0.862070
vt 0.547190 0.862070
vt 0.538920 0.862070
vt 0.547190 0.923340
vt 0.568000 0.862070
vt 0.568000 0.751850
vt 0.547190 0.751850
vt 0.547190 0.862070
vt 0.547190 0.923340
vt 0.568000 0.862070
vt 0.547190 0.923340
vt 0.568000 0.923340
vt 0.568000 0.862070
vt 0.590310 0.751850
vt 0.568000 0.751850
vt 0.590310 0.862070
vt 0.568000 0.751850
vt 0.568000 0.862070
vt 0.590310 0.862070
vt 0.590310 0.862070
vt 0.597705 0.862070
vt 0.590310 0.751850
vt 0.568000 0.862070
vt 0.568000 0.923340
vt 0.590310 0.923340
vt 0.590310 0.923340
vt 0.568000 0.923340
vt 0.568000 0.969130
vt 0.590310 0.862070
vt 0.590310 0.923340
vt 0.597705 0.862070
vt 0.597705 0.862070
vt 0.597705 0.923340
vt 0.590310 0.923340
vt 0.590310 0.923340
vt 0.597705 0.923340
vt 0.597705 0.862070
vt 0.590310 0.969130
vt 0.590310 0.923340
vt 0.597705 0.969130
vt 0.590310 0.923340
vt 0.597705 0.923340
vt 0.597705 0.969130
vt 0.590310 0.969130
vt 0.590310 0.923340
vt 0.568000 0.969130
vt 0.590310 0.969130
vt 0.597705 0.969130
vt 0.590310 0.923340
vt 0.590310 0.985390
vt 0.597705 0.985390
vt 0.597705 0.969130
vt 0.590310 0.969130
vt 0.568000 0.969130
vt 0.590310 0.985390
vt 0.568000 0.969130
vt 0.568000 0.985390
vt 0.590310 0.985390
vt 0.590310 0.985390
vt 0.568000 0.985390
vt 0.592715 0.985390
vt 0.568000 0.985390
vt 0.568000 0.985390
vt 0.592715 0.985390
vt 0.590310 0.985390
vt 0.597705 0.985390
vt 0.590310 0.985390
vt 0.590310 0.969130
vt 0.597705 0.969130
vt 0.590310 0.985390
vt 0.597705 0.969130
vt 0.597705 0.985390
vt 0.590310 0.985390
vt 0.590310 0.985390
vt 0.597705 0.985390
vt 0.590310 0.985390
vt 0.568000 0.985390
vt 0.590310 0.985390
vt 0.592715 0.985390
vt 0.648300 0.965450
vt 0.648590 0.965470
vt 0.649000 0.965490
vt 0.648415 0.943110
vt 0.648590 0.965470
vt 0.648660 0.940710
vt 0.648590 0.965470
vt 0.648300 0.965450
vt 0.648660 0.940710
vt 0.648300 0.965450
vt 0.648590 0.965470
vt 0.648660 0.940710
vt 0.648590 0.965470
vt 0.648415 0.943110
vt 0.648660 0.940710
vt 0.648280 0.986300
vt 0.648590 0.965470
vt 0.649000 0.965490
vt 0.648590 0.965470
vt 0.648300 0.965450
vt 0.649000 0.965490
vt 0.568000 0.985390
vt 0.568000 0.985390
vt 0.568000 0.985390
vt 0.547190 0.985390
vt 0.568000 0.985390
vt 0.568000 0.969130
vt 0.568000 0.985390
vt 0.547190 0.985390
vt 0.568000 0.985390
vt 0.547190 0.969130
vt 0.547190 0.985390
vt 0.568000 0.969130
vt 0.547190 0.969130
vt 0.568000 0.969130
vt 0.547190 0.923340
vt 0.547190 0.969130
vt 0.547190 0.923340
vt 0.538920 0.969130
vt 0.547190 0.923340
vt 0.538920 0.923340
vt 0.538920 0.969130
vt 0.538920 0.969130
vt 0.538920 0.985390
vt 0.547190 0.985390
vt 0.547190 0.985390
vt 0.538920 0.985390
vt 0.547190 0.985390
vt 0.568000 0.985390
vt 0.547190 0.985390
vt 0.547190 0.985390
vt 0.547190 0.985390
vt 0.538920 0.985390
vt 0.547190 0.985390
vt 0.547190 0.985390
vt 0.568000 0.985390
vt 0.568000 0.985390
vt 0.547190 0.969130
vt 0.547190 0.985390
vt 0.538920 0.969130
vt 0.568000 0.969130
vt 0.568000 0.985390
vt 0.547190 0.985390
vt 0.590310 0.969130
vt 0.590310 0.985390
vt 0.568000 0.969130
vt 0.590310 0.985390
vt 0.568000 0.985390
vt 0.568000 0.969130
vt 0.590310 0.969130
vt 0.568000 0.969130
vt 0.590310 0.923340
vt 0.590310 0.923340
vt 0.568000 0.923340
vt 0.568000 0.862070
vt 0.568000 0.969130
vt 0.568000 0.923340
vt 0.590310 0.923340
vt 0.547190 0.862070
vt 0.547190 0.923340
vt 0.538920 0.862070
vt 0.547190 0.923340
vt 0.538920 0.923340
vt 0.538920 0.862070
vt 0.547190 0.969130
vt 0.538920 0.969130
vt 0.547190 0.923340
vt 0.538920 0.969130
vt 0.538920 0.923340
vt 0.547190 0.923340
vt 0.547190 0.862070
vt 0.568000 0.862070
vt 0.547190 0.923340
vt 0.568000 0.862070
vt 0.568000 0.923340
vt 0.547190 0.923340
vt 0.547190 0.969130
vt 0.547190 0.923340
vt 0.568000 0.969130
vt 0.700655 0.568330
vt 0.704950 0.568330
vt 0.704950 0.568330
vt 0.704950 0.568330
vt 0.700655 0.568330
vt 0.700655 0.568330
vt 0.700655 0.568330
vt 0.700655 0.568330
vt 0.704950 0.568330
vt 0.704950 0.568330
vt 0.704950 0.568330
vt 0.700655 0.568330
vt 0.704950 0.568330
vt 0.700655 0.568330
vt 0.704950 0.568330
vt 0.700655 0.568330
vt 0.704950 0.568330
vt 0.704950 0.568330
vt 0.704950 0.568330
vt 0.700655 0.568330
vt 0.704950 0.568330
vt 0.700655 0.568330
vt 0.700655 0.568330
vt 0.700655 0.568330
vt 0.700655 0.568330
vt 0.700655 0.568330
vt 0.700655 0.568330
vt 0.700655 0.568330
vt 0.704950 0.568330
vt 0.700655 0.568330
vt 0.704950 0.568330
vt 0.704950 0.568330
vt 0.704950 0.568330
vt 0.704950 0.568330
vt 0.704950 0.568330
vt 0.704950 0.568330
vt 0.704950 0.568330
vt 0.704950 0.568330
vt 0.704950 0.568330
vt 0.704950 0.568330
vt 0.704950 0.568330
vt 0.700655 0.568330
vt 0.700655 0.568330
vt 0.700655 0.568330
vt 0.700655 0.568330
vt 0.700655 0.568330
vt 0.700655 0.568330
vt 0.700655 0.568330
vt 0.700655 0.568330
vt 0.700655 0.568330
vt 0.700655 0.568330
vt 0.700655 0.568330
vt 0.700655 0.568330
vt 0.700655 0.568330
vt 0.700655 0.568330
vt 0.700655 0.568330
vt 0.700655 0.568330
vt 0.704950 0.568330
vt 0.700655 0.568330
vt 0.700655 0.568330
vt 0.704950 0.568330
vt 0.704950 0.568330
vt 0.704950 0.568330
vt 0.700655 0.568330
vt 0.704950 0.568330
vt 0.704950 0.568330
vt 0.700655 0.568330
vt 0.700655 0.568330
vt 0.704950 0.568330
vt 0.704950 0.568330
vt 0.700655 0.568330
vt 0.704950 0.568330
vt 0.700655 0.568330
vt 0.700655 0.568330
vt 0.704950 0.568330
vt 0.704950 0.568330
vt 0.704950 0.568330
vt 0.704950 0.568330
vt 0.704950 0.568330
vt 0.704950 0.568330
vt 0.700655 0.568330
vt 0.704950 0.568330
vt 0.700655 0.568330
vt 0.700655 0.568330
vt 0.704950 0.568330
vt 0.700655 0.568330
vt 0.704950 0.568330
vt 0.700655 0.568330
vt 0.700655 0.568330
vt 0.704950 0.568330
vt 0.704950 0.568330
vt 0.704950 0.568330
vt 0.704950 0.568330
vt 0.704950 0.568330
vt 0.704950 0.568330
vt 0.700655 0.568330
vt 0.700655 0.568330
vt 0.700655 0.568330
vt 0.700655 0.568330
vt 0.704950 0.568330
vt 0.700655 0.568330
vt 0.700655 0.568330
vt 0.704950 0.568330
vt 0.704950 0.568330
vt 0.700655 0.568330
vt 0.700655 0.568330
vt 0.704950 0.568330
vt 0.704950 0.568330
vt 0.700655 0.568330
vt 0.700655 0.568330
vt 0.704950 0.568330
vt 0.700655 0.568330
vt 0.700655 0.568330
vt 0.700655 0.568330
vt 0.700655 0.568330
vt 0.700655 0.568330
vt 0.700655 0.568330
vt 0.700655 0.568330
vt 0.700655 0.568330
vt 0.704950 0.568330
vt 0.700655 0.568330
vt 0.704950 0.568330
vt 0.704950 0.568330
vt 0.704950 0.568330
vt 0.704950 0.568330
vt 0.704950 0.568330
vt 0.704950 0.568330
vt 0.704950 0.568330
vt 0.704950 0.568330
vt 0.700655 0.568330
vt 0.700655 0.568330
vt 0.704950 0.568330
vt 0.704950 0.568330
vt 0.704950 0.568330
vt 0.704950 0.568330
vt 0.704950 0.568330
vt 0.704950 0.568330
vt 0.704950 0.568330
vt 0.700655 0.568330
vt 0.700655 0.568330
vt 0.704950 0.568330
vt 0.704950 0.568330
vt 0.704950 0.568330
vt 0.704950 0.568330
vt 0.700655 0.568330
vt 0.704950 0.568330
vt 0.704950 0.568330
vt 0.704950 0.568330
vt 0.704950 0.568330
vt 0.700655 0.568330
vt 0.704950 0.568330
vt 0.700655 0.568330
vt 0.700655 0.568330
vt 0.704950 0.568330
vt 0.700655 0.568330
vt 0.704950 0.568330
vt 0.700655 0.568330
vt 0.700655 0.568330
vt 0.704950 0.568330
vt 0.700655 0.568330
vt 0.700655 0.568330
vt 0.704950 0.568330
vt 0.700655 0.568330
vt 0.704950 0.568330
vt 0.704950 0.568330
vt 0.700655 0.568330
vt 0.700655 0.568330
vt 0.704950 0.568330
vt 0.700655 0.568330
vt 0.700655 0.568330
vt 0.704950 0.568330
vt 0.704950 0.568330
vt 0.700655 0.568330
vt 0.704950 0.568330
vt 0.700655 0.568330
vt 0.704950 0.568330
vt 0.700655 0.568330
vt 0.704950 0.568330
vt 0.700655 0.568330
vt 0.700655 0.568330
vt 0.704950 0.568330
vt 0.700655 0.568330
vt 0.700655 0.568330
vt 0.704950 0.568330
vt 0.704950 0.568330
vt 0.700655 0.568330
vt 0.704950 0.568330
vt 0.700655 0.568330
vt 0.704950 0.568330
vt 0.704950 0.568330
vt 0.704950 0.568330
vt 0.704950 0.568330
vt 0.704950 0.568330
vt 0.704950 0.568330
vt 0.704950 0.568330
vt 0.704950 0.568330
vt 0.704950 0.568330
vt 0.704950 0.568330
vt 0.700655 0.568330
vt 0.700655 0.568330
vt 0.700655 0.568330
vt 0.700655 0.568330
vt 0.704950 0.568330
vt 0.700655 0.568330
vt 0.700655 0.568330
vt 0.700655 0.568330
vt 0.700655 0.568330
vt 0.700655 0.568330
vt 0.700655 0.568330
vt 0.700655 0.568330
vt 0.700655 0.568330
vt 0.704950 0.568330
vt 0.700655 0.568330
vt 0.704950 0.568330
vt 0.704950 0.568330
vt 0.700655 0.568330
vt 0.704645 0.567870
vt 0.704645 0.570610
vt 0.707210 0.570610
vt 0.707210 0.567870
vt 0.707210 0.570610
vt 0.709960 0.567870
vt 0.710870 0.567870
vt 0.710870 0.564940
vt 0.709960 0.567870
vt 0.709960 0.564940
vt 0.710870 0.564940
vt 0.709960 0.567870
vt 0.707210 0.567870
vt 0.707210 0.564940
vt 0.709960 0.567870
vt 0.704645 0.567870
vt 0.704645 0.564940
vt 0.707210 0.567870
vt 0.703625 0.567860
vt 0.703625 0.564940
vt 0.704645 0.567870
vt 0.704645 0.564940
vt 0.703625 0.564940
vt 0.703625 0.567860
vt 0.703625 0.564940
vt 0.704645 0.564940
vt 0.704645 0.567870
vt 0.703625 0.567860
vt 0.704645 0.567870
vt 0.703625 0.570610
vt 0.704645 0.567870
vt 0.704645 0.570610
vt 0.703625 0.570610
vt 0.707210 0.570610
vt 0.704645 0.570610
vt 0.704645 0.567870
vt 0.704645 0.564940
vt 0.707210 0.564940
vt 0.707210 0.567870
vt 0.707210 0.567870
vt 0.707210 0.570610
vt 0.704645 0.567870
vt 0.707210 0.567870
vt 0.709960 0.567870
vt 0.707210 0.570610
vt 0.709960 0.567870
vt 0.709960 0.570610
vt 0.707210 0.570610
vt 0.707210 0.564940
vt 0.709960 0.564940
vt 0.709960 0.567870
vt 0.710870 0.564940
vt 0.710870 0.567870
vt 0.709960 0.567870
vt 0.709960 0.567870
vt 0.710870 0.567870
vt 0.709960 0.570610
vt 0.710870 0.567870
vt 0.710870 0.570610
vt 0.709960 0.570610
vt 0.710870 0.564940
vt 0.709960 0.564940
vt 0.709960 0.567870
vt 0.710870 0.567870
vt 0.709960 0.567870
vt 0.710870 0.570610
vt 0.709960 0.567870
vt 0.709960 0.570610
vt 0.710870 0.570610
vt 0.709960 0.567870
vt 0.709960 0.564940
vt 0.707210 0.567870
vt 0.709960 0.564940
vt 0.707210 0.564940
vt 0.707210 0.567870
vt 0.707210 0.570610
vt 0.709960 0.570610
vt 0.709960 0.567870
vt 0.703625 0.567860
vt 0.703625 0.570610
vt 0.704645 0.570610
vt 0.704645 0.567870
vt 0.704645 0.564940
vt 0.703625 0.567860
vt 0.704645 0.567870
vt 0.703625 0.567860
vt 0.704645 0.570610
vt 0.707210 0.567870
vt 0.707210 0.564940
vt 0.704645 0.567870
vt 0.707210 0.564940
vt 0.704645 0.564940
vt 0.704645 0.567870
vt 0.707210 0.567870
vt 0.704645 0.567870
vt 0.707210 0.570610
vt 0.342925 0.010220
vt 0.336000 0.401610
vt 0.336000 0.401610
vt 0.342925 0.010220
vt 0.342925 0.010220
vt 0.336000 0.401610
vt 0.272515 0.010220
vt 0.273895 0.401610
vt 0.273895 0.401610
vt 0.272515 0.010220
vt 0.272515 0.010220
vt 0.273895 0.401610
vt 0.304835 0.010220
vt 0.304945 0.401610
vt 0.336000 0.401610
vt 0.342925 0.010220
vt 0.304835 0.010220
vt 0.336000 0.401610
vt 0.304835 0.010220
vt 0.272515 0.010220
vt 0.273895 0.401610
vt 0.304945 0.401610
vt 0.304835 0.010220
vt 0.273895 0.401610
vt 0.336000 0.401610
vt 0.304945 0.401610
vt 0.304945 0.401610
vt 0.336000 0.401610
vt 0.336000 0.401610
vt 0.304945 0.401610
vt 0.304945 0.401610
vt 0.273895 0.401610
vt 0.273895 0.401610
vt 0.304945 0.401610
vt 0.304945 0.401610
vt 0.273895 0.401610
vt 0.336000 0.401610
vt 0.304945 0.401610
vt 0.304835 0.010220
vt 0.342925 0.010220
vt 0.336000 0.401610
vt 0.304835 0.010220
vt 0.304945 0.401610
vt 0.273895 0.401610
vt 0.272515 0.010220
vt 0.304835 0.010220
vt 0.304945 0.401610
vt 0.272515 0.010220
vt 0.450320 0.032360
vt 0.416840 0.092420
vt 0.416840 0.063500
vt 0.416840 0.092420
vt 0.449905 0.034580
vt 0.416840 0.063500
vt 0.449905 0.024940
vt 0.449905 0.024940
vt 0.425110 0.024940
vt 0.449905 0.024940
vt 0.425110 0.024940
vt 0.416840 0.063500
vt 0.449905 0.034580
vt 0.449905 0.024940
vt 0.416840 0.063500
vt 0.449905 0.024940
vt 0.450320 0.032360
vt 0.416840 0.063500
vt 0.425110 0.024940
vt 0.449905 0.024940
vt 0.416840 0.063500
vt 0.449905 0.034580
vt 0.449905 0.150260
vt 0.482970 0.150260
vt 0.482970 0.034580
vt 0.449905 0.034580
vt 0.482970 0.150260
vt 0.450320 0.032360
vt 0.482970 0.034580
vt 0.482970 0.150260
vt 0.449905 0.150260
vt 0.450320 0.032360
vt 0.482970 0.150260
vt 0.482970 0.034580
vt 0.482970 0.034580
vt 0.482970 0.150260
vt 0.482970 0.150260
vt 0.482970 0.034580
vt 0.482970 0.150260
vt 0.450320 0.032360
vt 0.449905 0.150260
vt 0.416840 0.150260
vt 0.416840 0.092420
vt 0.450320 0.032360
vt 0.416840 0.150260
vt 0.449905 0.034580
vt 0.416840 0.092420
vt 0.416840 0.150260
vt 0.449905 0.150260
vt 0.449905 0.034580
vt 0.416840 0.150260
vt 0.482970 0.150260
vt 0.449905 0.150260
vt 0.449905 0.217750
vt 0.482970 0.217750
vt 0.482970 0.150260
vt 0.449905 0.217750
vt 0.449905 0.150260
vt 0.482970 0.150260
vt 0.482970 0.217750
vt 0.449905 0.217750
vt 0.449905 0.150260
vt 0.482970 0.217750
vt 0.482970 0.150260
vt 0.482970 0.150260
vt 0.482970 0.217750
vt 0.482970 0.217750
vt 0.482970 0.150260
vt 0.482970 0.217750
vt 0.416840 0.150260
vt 0.449905 0.150260
vt 0.449905 0.217750
vt 0.416840 0.217750
vt 0.416840 0.150260
vt 0.449905 0.217750
vt 0.449905 0.150260
vt 0.416840 0.150260
vt 0.416840 0.217750
vt 0.449905 0.217750
vt 0.449905 0.150260
vt 0.416840 0.217750
vt 0.449905 0.294870
vt 0.449905 0.391290
vt 0.482970 0.391290
vt 0.482970 0.294870
vt 0.449905 0.294870
vt 0.482970 0.391290
vt 0.482970 0.217750
vt 0.449905 0.217750
vt 0.449905 0.294870
vt 0.482970 0.294870
vt 0.482970 0.217750
vt 0.449905 0.294870
vt 0.482970 0.294870
vt 0.482970 0.391290
vt 0.449905 0.391290
vt 0.449905 0.294870
vt 0.482970 0.294870
vt 0.449905 0.391290
vt 0.449905 0.217750
vt 0.482970 0.217750
vt 0.482970 0.294870
vt 0.449905 0.294870
vt 0.449905 0.217750
vt 0.482970 0.294870
vt 0.482970 0.294870
vt 0.482970 0.391290
vt 0.482970 0.391290
vt 0.482970 0.294870
vt 0.482970 0.294870
vt 0.482970 0.391290
vt 0.482970 0.217750
vt 0.482970 0.217750
vt 0.482970 0.294870
vt 0.482970 0.294870
vt 0.482970 0.217750
vt 0.482970 0.294870
vt 0.449905 0.294870
vt 0.449905 0.391290
vt 0.416840 0.391290
vt 0.416840 0.294870
vt 0.449905 0.294870
vt 0.416840 0.391290
vt 0.416840 0.217750
vt 0.449905 0.217750
vt 0.449905 0.294870
vt 0.416840 0.294870
vt 0.416840 0.217750
vt 0.449905 0.294870
vt 0.416840 0.294870
vt 0.416840 0.391290
vt 0.449905 0.391290
vt 0.449905 0.294870
vt 0.416840 0.294870
vt 0.449905 0.391290
vt 0.449905 0.217750
vt 0.416840 0.217750
vt 0.416840 0.294870
vt 0.449905 0.294870
vt 0.449905 0.217750
vt 0.416840 0.294870
vt 0.179265 0.979650
vt 0.179150 0.977450
vt 0.186965 0.977450
vt 0.187095 0.979650
vt 0.179265 0.979650
vt 0.186965 0.977450
vt 0.179155 0.989420
vt 0.179230 0.990880
vt 0.186995 0.990870
vt 0.186910 0.989420
vt 0.179155 0.989420
vt 0.186995 0.990870
vt 0.179230 0.990880
vt 0.179265 0.985660
vt 0.187070 0.985660
vt 0.186995 0.990870
vt 0.179230 0.990880
vt 0.187070 0.985660
vt 0.179265 0.985660
vt 0.179265 0.979650
vt 0.187095 0.979650
vt 0.187070 0.985660
vt 0.179265 0.985660
vt 0.187095 0.979650
vt 0.179150 0.977450
vt 0.179135 0.983060
vt 0.186915 0.983060
vt 0.186965 0.977450
vt 0.179150 0.977450
vt 0.186915 0.983060
vt 0.179135 0.983060
vt 0.179155 0.989420
vt 0.186910 0.989420
vt 0.186915 0.983060
vt 0.179135 0.983060
vt 0.186910 0.989420
vt 0.186910 0.989420
vt 0.186995 0.990870
vt 0.187070 0.985660
vt 0.187095 0.979650
vt 0.186910 0.989420
vt 0.187070 0.985660
vt 0.186915 0.983060
vt 0.186910 0.989420
vt 0.187095 0.979650
vt 0.186965 0.977450
vt 0.186915 0.983060
vt 0.187095 0.979650
vt 0.045015 0.993510
vt 0.032880 0.993510
vt 0.032880 0.979770
vt 0.045015 0.979770
vt 0.045015 0.993510
vt 0.032880 0.979770
vt 0.008335 0.993510
vt 0.020475 0.993510
vt 0.020475 0.979770
vt 0.008335 0.979770
vt 0.008335 0.993510
vt 0.020475 0.979770
vt 0.020475 0.993510
vt 0.031700 0.993510
vt 0.031700 0.979770
vt 0.020475 0.979770
vt 0.020475 0.993510
vt 0.031700 0.979770
vt 0.031700 0.993510
vt 0.044935 0.993510
vt 0.044935 0.979770
vt 0.031700 0.979770
vt 0.031700 0.993510
vt 0.044935 0.979770
vt 0.032880 0.993510
vt 0.019640 0.993510
vt 0.019640 0.979770
vt 0.032880 0.979770
vt 0.032880 0.993510
vt 0.019640 0.979770
vt 0.019640 0.993510
vt 0.008415 0.993510
vt 0.008415 0.979770
vt 0.019640 0.979770
vt 0.019640 0.993510
vt 0.008415 0.979770
vt 0.547190 0.923340
vt 0.568000 0.923340
vt 0.568000 0.969130
vt 0.547190 0.969130
vt 0.568000 0.969130
vt 0.547190 0.985390
vt 0.547190 0.985390
vt 0.538920 0.985390
vt 0.538920 0.969130
vt 0.547190 0.969130
vt 0.538920 0.969130
vt 0.547190 0.985390
vt 0.568000 0.985390
vt 0.547190 0.985390
vt 0.547190 0.985390
vt 0.648590 0.965470
vt 0.648280 0.986300
vt 0.649000 0.965490
vt 0.568000 0.985390
vt 0.568000 0.985390
vt 0.568000 0.985390
vt 0.568000 0.985390
vt 0.568000 0.985390
vt 0.592715 0.985390
vt 0.592715 0.985390
vt 0.590310 0.985390
vt 0.590310 0.985390
vt 0.592715 0.985390
vt 0.590310 0.985390
vt 0.590310 0.985390
vt 0.590310 0.969130
vt 0.590310 0.985390
vt 0.597705 0.969130
vt 0.597705 0.969130
vt 0.597705 0.923340
vt 0.590310 0.923340
vt 0.590310 0.862070
vt 0.568000 0.862070
vt 0.590310 0.923340
vt 0.547190 0.862070
vt 0.568000 0.862070
vt 0.547190 0.751850
vt 0.547190 0.751850
vt 0.538920 0.751850
vt 0.538920 0.862070
vt 0.547190 0.862070
vt 0.538920 0.862070
vt 0.547190 0.751850
vt 0.547190 0.629810
vt 0.547190 0.751850
vt 0.538920 0.629810
vt 0.538920 0.629810
vt 0.538920 0.485340
vt 0.547190 0.485340
vt 0.547190 0.343790
vt 0.547190 0.485340
vt 0.538920 0.343790
vt 0.538920 0.343790
vt 0.538920 0.230490
vt 0.547190 0.230490
vt 0.547190 0.131190
vt 0.547190 0.230490
vt 0.538920 0.131190
vt 0.547190 0.131190
vt 0.538920 0.131190
vt 0.547190 0.230490
vt 0.547190 0.230490
vt 0.568000 0.230490
vt 0.568000 0.131190
vt 0.590310 0.131190
vt 0.568000 0.131190
vt 0.590310 0.230490
vt 0.590310 0.343790
vt 0.590310 0.230490
vt 0.568000 0.343790
vt 0.547190 0.343790
vt 0.547190 0.485340
vt 0.568000 0.343790
vt 0.547190 0.629810
vt 0.568000 0.629810
vt 0.547190 0.485340
vt 0.590310 0.629810
vt 0.590310 0.485340
vt 0.568000 0.629810
vt 0.590310 0.485340
vt 0.597705 0.485340
vt 0.597705 0.343790
vt 0.590310 0.343790
vt 0.590310 0.230490
vt 0.597705 0.343790
vt 0.590310 0.131190
vt 0.597705 0.131190
vt 0.590310 0.230490
vt 0.597705 0.131190
vt 0.597705 0.087140
vt 0.590310 0.087140
vt 0.590310 0.054690
vt 0.568000 0.054690
vt 0.590310 0.087140
vt 0.547190 0.054690
vt 0.568000 0.054690
vt 0.547190 0.040200
vt 0.547190 0.040200
vt 0.538920 0.040200
vt 0.538920 0.054690
vt 0.547190 0.054690
vt 0.538920 0.054690
vt 0.547190 0.040200
vt 0.568000 0.036980
vt 0.547190 0.040200
vt 0.547190 0.036980
vt 0.568000 0.036980
vt 0.547190 0.036980
vt 0.568000 0.036980
vt 0.568000 0.040200
vt 0.568000 0.036980
vt 0.568000 0.036980
vt 0.568000 0.036980
vt 0.568000 0.040200
vt 0.590310 0.036980
vt 0.590310 0.036980
vt 0.590310 0.040200
vt 0.590310 0.036980
vt 0.590310 0.036980
vt 0.590310 0.036980
vt 0.590310 0.040200
vt 0.590310 0.054690
vt 0.590310 0.040200
vt 0.597705 0.054690
vt 0.590310 0.054690
vt 0.597705 0.054690
vt 0.590310 0.087140
vt 0.568000 0.131190
vt 0.568000 0.087140
vt 0.590310 0.087140
vt 0.568000 0.054690
vt 0.568000 0.087140
vt 0.547190 0.087140
vt 0.547190 0.087140
vt 0.568000 0.087140
vt 0.568000 0.131190
vt 0.590310 0.087140
vt 0.568000 0.087140
vt 0.568000 0.054690
vt 0.590310 0.054690
vt 0.590310 0.087140
vt 0.568000 0.054690
vt 0.590310 0.040200
vt 0.597705 0.040200
vt 0.597705 0.054690
vt 0.590310 0.054690
vt 0.568000 0.054690
vt 0.590310 0.040200
vt 0.568000 0.054690
vt 0.568000 0.040200
vt 0.590310 0.040200
vt 0.590310 0.040200
vt 0.568000 0.040200
vt 0.590310 0.036980
vt 0.568000 0.040200
vt 0.568000 0.036980
vt 0.590310 0.036980
vt 0.590310 0.036980
vt 0.597705 0.040200
vt 0.590310 0.040200
vt 0.597705 0.054690
vt 0.597705 0.040200
vt 0.590310 0.040200
vt 0.590310 0.040200
vt 0.597705 0.040200
vt 0.590310 0.036980
vt 0.568000 0.040200
vt 0.590310 0.040200
vt 0.590310 0.036980
vt 0.568000 0.036980
vt 0.568000 0.036980
vt 0.568000 0.036980
vt 0.590310 0.036980
vt 0.568000 0.036980
vt 0.590310 0.036980
vt 0.568000 0.036980
vt 0.568000 0.036980
vt 0.590310 0.036980
vt 0.568000 0.036980
vt 0.568000 0.036980
vt 0.590310 0.036980
vt 0.568000 0.036980
vt 0.590310 0.036980
vt 0.590310 0.036980
vt 0.547190 0.036980
vt 0.568000 0.036980
vt 0.568000 0.036980
vt 0.568000 0.036980
vt 0.568000 0.036980
vt 0.568000 0.036980
vt 0.568000 0.036980
vt 0.568000 0.040200
vt 0.568000 0.036980
vt 0.547190 0.040200
vt 0.568000 0.040200
vt 0.568000 0.054690
vt 0.568000 0.040200
vt 0.547190 0.040200
vt 0.568000 0.036980
vt 0.547190 0.054690
vt 0.547190 0.040200
vt 0.568000 0.054690
vt 0.547190 0.054690
vt 0.568000 0.054690
vt 0.547190 0.087140
vt 0.538920 0.054690
vt 0.538920 0.087140
vt 0.547190 0.087140
vt 0.547190 0.054690
vt 0.547190 0.087140
vt 0.538920 0.054690
vt 0.547190 0.087140
vt 0.538920 0.087140
vt 0.538920 0.054690
vt 0.538920 0.054690
vt 0.538920 0.040200
vt 0.547190 0.040200
vt 0.547190 0.040200
vt 0.538920 0.040200
vt 0.547190 0.036980
vt 0.568000 0.036980
vt 0.547190 0.036980
vt 0.547190 0.040200
vt 0.547190 0.036980
vt 0.538920 0.040200
vt 0.547190 0.040200
vt 0.547190 0.040200
vt 0.568000 0.040200
vt 0.568000 0.036980
vt 0.547190 0.054690
vt 0.547190 0.040200
vt 0.538920 0.054690
vt 0.547190 0.054690
vt 0.538920 0.054690
vt 0.547190 0.087140
vt 0.568000 0.054690
vt 0.568000 0.040200
vt 0.547190 0.040200
vt 0.590310 0.040200
vt 0.568000 0.040200
vt 0.568000 0.054690
vt 0.547190 0.054690
vt 0.547190 0.087140
vt 0.568000 0.054690
vt 0.547190 0.087140
vt 0.568000 0.087140
vt 0.568000 0.054690
vt 0.590310 0.054690
vt 0.590310 0.040200
vt 0.568000 0.054690
vt 0.590310 0.054690
vt 0.597705 0.054690
vt 0.590310 0.040200
vt 0.568000 0.054690
vt 0.568000 0.087140
vt 0.590310 0.087140
vt 0.590310 0.054690
vt 0.590310 0.087140
vt 0.597705 0.054690
vt 0.597705 0.054690
vt 0.597705 0.087140
vt 0.590310 0.087140
vt 0.590310 0.087140
vt 0.597705 0.087140
vt 0.597705 0.054690
vt 0.590310 0.087140
vt 0.597705 0.087140
vt 0.597705 0.131190
vt 0.590310 0.131190
vt 0.590310 0.087140
vt 0.597705 0.131190
vt 0.590310 0.131190
vt 0.568000 0.131190
vt 0.590310 0.087140
vt 0.597705 0.131190
vt 0.597705 0.230490
vt 0.590310 0.230490
vt 0.590310 0.131190
vt 0.590310 0.230490
vt 0.568000 0.131190
vt 0.590310 0.230490
vt 0.568000 0.230490
vt 0.568000 0.131190
vt 0.568000 0.343790
vt 0.568000 0.230490
vt 0.590310 0.230490
vt 0.590310 0.485340
vt 0.568000 0.485340
vt 0.568000 0.343790
vt 0.590310 0.629810
vt 0.590310 0.485340
vt 0.597705 0.629810
vt 0.597705 0.629810
vt 0.597705 0.751850
vt 0.590310 0.751850
vt 0.590310 0.862070
vt 0.590310 0.751850
vt 0.597705 0.862070
vt 0.590310 0.862070
vt 0.597705 0.862070
vt 0.590310 0.923340
vt 0.590310 0.862070
vt 0.590310 0.923340
vt 0.568000 0.862070
vt 0.590310 0.862070
vt 0.568000 0.862070
vt 0.590310 0.751850
vt 0.568000 0.862070
vt 0.568000 0.751850
vt 0.590310 0.751850
vt 0.590310 0.751850
vt 0.568000 0.751850
vt 0.568000 0.629810
vt 0.597705 0.862070
vt 0.597705 0.751850
vt 0.590310 0.751850
vt 0.590310 0.751850
vt 0.597705 0.751850
vt 0.597705 0.862070
vt 0.590310 0.751850
vt 0.597705 0.751850
vt 0.597705 0.629810
vt 0.590310 0.629810
vt 0.597705 0.629810
vt 0.590310 0.751850
vt 0.590310 0.629810
vt 0.590310 0.751850
vt 0.568000 0.629810
vt 0.590310 0.629810
vt 0.568000 0.629810
vt 0.590310 0.485340
vt 0.568000 0.629810
vt 0.568000 0.485340
vt 0.590310 0.485340
vt 0.590310 0.343790
vt 0.568000 0.343790
vt 0.590310 0.230490
vt 0.590310 0.343790
vt 0.590310 0.485340
vt 0.568000 0.343790
vt 0.590310 0.230490
vt 0.597705 0.230490
vt 0.597705 0.343790
vt 0.590310 0.343790
vt 0.597705 0.343790
vt 0.590310 0.485340
vt 0.590310 0.485340
vt 0.597705 0.485340
vt 0.597705 0.629810
vt 0.597705 0.343790
vt 0.597705 0.485340
vt 0.590310 0.485340
vt 0.597705 0.629810
vt 0.597705 0.485340
vt 0.590310 0.485340
vt 0.590310 0.629810
vt 0.597705 0.629810
vt 0.590310 0.485340
vt 0.590310 0.629810
vt 0.590310 0.751850
vt 0.597705 0.629810
vt 0.590310 0.485340
vt 0.568000 0.485340
vt 0.568000 0.629810
vt 0.590310 0.629810
vt 0.568000 0.629810
vt 0.590310 0.751850
vt 0.568000 0.629810
vt 0.568000 0.751850
vt 0.590310 0.751850
vt 0.568000 0.629810
vt 0.568000 0.485340
vt 0.547190 0.485340
vt 0.547190 0.485340
vt 0.568000 0.485340
vt 0.568000 0.343790
vt 0.568000 0.343790
vt 0.568000 0.485340
vt 0.590310 0.485340
vt 0.590310 0.343790
vt 0.568000 0.343790
vt 0.590310 0.485340
vt 0.590310 0.343790
vt 0.590310 0.485340
vt 0.597705 0.343790
vt 0.590310 0.230490
vt 0.597705 0.230490
vt 0.597705 0.131190
vt 0.590310 0.343790
vt 0.597705 0.343790
vt 0.590310 0.230490
vt 0.597705 0.343790
vt 0.597705 0.230490
vt 0.590310 0.230490
vt 0.590310 0.131190
vt 0.590310 0.230490
vt 0.597705 0.131190
vt 0.590310 0.131190
vt 0.597705 0.131190
vt 0.590310 0.087140
vt 0.568000 0.131190
vt 0.568000 0.087140
vt 0.547190 0.087140
vt 0.590310 0.131190
vt 0.590310 0.087140
vt 0.568000 0.131190
vt 0.590310 0.087140
vt 0.568000 0.087140
vt 0.568000 0.131190
vt 0.568000 0.131190
vt 0.568000 0.230490
vt 0.590310 0.230490
vt 0.590310 0.230490
vt 0.568000 0.230490
vt 0.568000 0.343790
vt 0.547190 0.343790
vt 0.568000 0.343790
vt 0.547190 0.230490
vt 0.568000 0.343790
vt 0.568000 0.230490
vt 0.547190 0.230490
vt 0.547190 0.131190
vt 0.547190 0.230490
vt 0.568000 0.131190
vt 0.547190 0.131190
vt 0.568000 0.131190
vt 0.547190 0.087140
vt 0.538920 0.131190
vt 0.538920 0.087140
vt 0.547190 0.087140
vt 0.547190 0.131190
vt 0.547190 0.087140
vt 0.538920 0.131190
vt 0.547190 0.087140
vt 0.538920 0.087140
vt 0.538920 0.131190
vt 0.568000 0.131190
vt 0.568000 0.230490
vt 0.547190 0.131190
vt 0.547190 0.131190
vt 0.538920 0.131190
vt 0.547190 0.087140
vt 0.547190 0.131190
vt 0.547190 0.087140
vt 0.568000 0.131190
vt 0.568000 0.230490
vt 0.547190 0.230490
vt 0.547190 0.131190
vt 0.547190 0.230490
vt 0.568000 0.230490
vt 0.568000 0.343790
vt 0.538920 0.131190
vt 0.538920 0.230490
vt 0.547190 0.230490
vt 0.547190 0.230490
vt 0.538920 0.230490
vt 0.538920 0.131190
vt 0.547190 0.343790
vt 0.547190 0.230490
vt 0.538920 0.343790
vt 0.547190 0.230490
vt 0.538920 0.230490
vt 0.538920 0.343790
vt 0.547190 0.343790
vt 0.538920 0.343790
vt 0.547190 0.485340
vt 0.547190 0.343790
vt 0.538920 0.343790
vt 0.547190 0.230490
vt 0.547190 0.343790
vt 0.547190 0.230490
vt 0.568000 0.343790
vt 0.547190 0.485340
vt 0.568000 0.485340
vt 0.568000 0.629810
vt 0.547190 0.343790
vt 0.568000 0.343790
vt 0.547190 0.485340
vt 0.568000 0.343790
vt 0.568000 0.485340
vt 0.547190 0.485340
vt 0.547190 0.485340
vt 0.538920 0.485340
vt 0.538920 0.343790
vt 0.538920 0.343790
vt 0.538920 0.485340
vt 0.547190 0.485340
vt 0.547190 0.629810
vt 0.547190 0.485340
vt 0.538920 0.629810
vt 0.547190 0.485340
vt 0.538920 0.485340
vt 0.538920 0.629810
vt 0.547190 0.629810
vt 0.538920 0.629810
vt 0.547190 0.485340
vt 0.547190 0.629810
vt 0.547190 0.485340
vt 0.568000 0.629810
vt 0.547190 0.751850
vt 0.568000 0.751850
vt 0.568000 0.862070
vt 0.547190 0.629810
vt 0.568000 0.629810
vt 0.547190 0.751850
vt 0.568000 0.629810
vt 0.568000 0.751850
vt 0.547190 0.751850
vt 0.547190 0.862070
vt 0.547190 0.751850
vt 0.568000 0.862070
vt 0.538920 0.862070
vt 0.538920 0.923340
vt 0.547190 0.923340
vt 0.568000 0.969130
vt 0.568000 0.923340
vt 0.547190 0.923340
vt 0.538920 0.862070
vt 0.538920 0.751850
vt 0.547190 0.751850
vt 0.547190 0.751850
vt 0.538920 0.751850
vt 0.538920 0.629810
vt 0.547190 0.629810
vt 0.538920 0.629810
vt 0.547190 0.751850
vt 0.538920 0.629810
vt 0.538920 0.751850
vt 0.547190 0.751850
vt 0.547190 0.629810
vt 0.547190 0.751850
vt 0.568000 0.629810
vt 0.547190 0.751850
vt 0.568000 0.751850
vt 0.568000 0.629810
vt 0.547190 0.862070
vt 0.547190 0.751850
vt 0.538920 0.862070
vt 0.547190 0.862070
vt 0.538920 0.862070
vt 0.547190 0.923340
vt 0.568000 0.862070
vt 0.568000 0.751850
vt 0.547190 0.751850
vt 0.547190 0.862070
vt 0.547190 0.923340
vt 0.568000 0.862070
vt 0.547190 0.923340
vt 0.568000 0.923340
vt 0.568000 0.862070
vt 0.590310 0.751850
vt 0.568000 0.751850
vt 0.590310 0.862070
vt 0.568000 0.751850
vt 0.568000 0.862070
vt 0.590310 0.862070
vt 0.590310 0.862070
vt 0.597705 0.862070
vt 0.590310 0.751850
vt 0.568000 0.862070
vt 0.568000 0.923340
vt 0.590310 0.923340
vt 0.590310 0.923340
vt 0.568000 0.923340
vt 0.568000 0.969130
vt 0.590310 0.862070
vt 0.590310 0.923340
vt 0.597705 0.862070
vt 0.597705 0.862070
vt 0.597705 0.923340
vt 0.590310 0.923340
vt 0.590310 0.923340
vt 0.597705 0.923340
vt 0.597705 0.862070
vt 0.590310 0.969130
vt 0.590310 0.923340
vt 0.597705 0.969130
vt 0.590310 0.923340
vt 0.597705 0.923340
vt 0.597705 0.969130
vt 0.590310 0.969130
vt 0.590310 0.923340
vt 0.568000 0.969130
vt 0.590310 0.969130
vt 0.597705 0.969130
vt 0.590310 0.923340
vt 0.590310 0.985390
vt 0.597705 0.985390
vt 0.597705 0.969130
vt 0.590310 0.969130
vt 0.568000 0.969130
vt 0.590310 0.985390
vt 0.568000 0.969130
vt 0.568000 0.985390
vt 0.590310 0.985390
vt 0.590310 0.985390
vt 0.568000 0.985390
vt 0.592715 0.985390
vt 0.568000 0.985390
vt 0.568000 0.985390
vt 0.592715 0.985390
vt 0.590310 0.985390
vt 0.597705 0.985390
vt 0.590310 0.985390
vt 0.590310 0.969130
vt 0.597705 0.969130
vt 0.590310 0.985390
vt 0.597705 0.969130
vt 0.597705 0.985390
vt 0.590310 0.985390
vt 0.590310 0.985390
vt 0.597705 0.985390
vt 0.590310 0.985390
vt 0.568000 0.985390
vt 0.590310 0.985390
vt 0.592715 0.985390
vt 0.648300 0.965450
vt 0.648590 0.965470
vt 0.649000 0.965490
vt 0.648415 0.943110
vt 0.648590 0.965470
vt 0.648660 0.940710
vt 0.648590 0.965470
vt 0.648300 0.965450
vt 0.648660 0.940710
vt 0.648300 0.965450
vt 0.648590 0.965470
vt 0.648660 0.940710
vt 0.648590 0.965470
vt 0.648415 0.943110
vt 0.648660 0.940710
vt 0.648280 0.986300
vt 0.648590 0.965470
vt 0.649000 0.965490
vt 0.648590 0.965470
vt 0.648300 0.965450
vt 0.649000 0.965490
vt 0.568000 0.985390
vt 0.568000 0.985390
vt 0.568000 0.985390
vt 0.547190 0.985390
vt 0.568000 0.985390
vt 0.568000 0.969130
vt 0.568000 0.985390
vt 0.547190 0.985390
vt 0.568000 0.985390
vt 0.547190 0.969130
vt 0.547190 0.985390
vt 0.568000 0.969130
vt 0.547190 0.969130
vt 0.568000 0.969130
vt 0.547190 0.923340
vt 0.547190 0.969130
vt 0.547190 0.923340
vt 0.538920 0.969130
vt 0.547190 0.923340
vt 0.538920 0.923340
vt 0.538920 0.969130
vt 0.538920 0.969130
vt 0.538920 0.985390
vt 0.547190 0.985390
vt 0.547190 0.985390
vt 0.538920 0.985390
vt 0.547190 0.985390
vt 0.568000 0.985390
vt 0.547190 0.985390
vt 0.547190 0.985390
vt 0.547190 0.985390
vt 0.538920 0.985390
vt 0.547190 0.985390
vt 0.547190 0.985390
vt 0.568000 0.985390
vt 0.568000 0.985390
vt 0.547190 0.969130
vt 0.547190 0.985390
vt 0.538920 0.969130
vt 0.568000 0.969130
vt 0.568000 0.985390
vt 0.547190 0.985390
vt 0.590310 0.969130
vt 0.590310 0.985390
vt 0.568000 0.969130
vt 0.590310 0.985390
vt 0.568000 0.985390
vt 0.568000 0.969130
vt 0.590310 0.969130
vt 0.568000 0.969130
vt 0.590310 0.923340
vt 0.590310 0.923340
vt 0.568000 0.923340
vt 0.568000 0.862070
vt 0.568000 0.969130
vt 0.568000 0.923340
vt 0.590310 0.923340
vt 0.547190 0.862070
vt 0.547190 0.923340
vt 0.538920 0.862070
vt 0.547190 0.923340
vt 0.538920 0.923340
vt 0.538920 0.862070
vt 0.547190 0.969130
vt 0.538920 0.969130
vt 0.547190 0.923340
vt 0.538920 0.969130
vt 0.538920 0.923340
vt 0.547190 0.923340
vt 0.547190 0.862070
vt 0.568000 0.862070
vt 0.547190 0.923340
vt 0.568000 0.862070
vt 0.568000 0.923340
vt 0.547190 0.923340
vt 0.547190 0.969130
vt 0.547190 0.923340
vt 0.568000 0.969130
vt 0.700655 0.568330
vt 0.704950 0.568330
vt 0.704950 0.568330
vt 0.704950 0.568330
vt 0.700655 0.568330
vt 0.700655 0.568330
vt 0.700655 0.568330
vt 0.700655 0.568330
vt 0.704950 0.568330
vt 0.704950 0.568330
vt 0.704950 0.568330
vt 0.700655 0.568330
vt 0.704950 0.568330
vt 0.700655 0.568330
vt 0.704950 0.568330
vt 0.700655 0.568330
vt 0.704950 0.568330
vt 0.704950 0.568330
vt 0.704950 0.568330
vt 0.700655 0.568330
vt 0.704950 0.568330
vt 0.700655 0.568330
vt 0.700655 0.568330
vt 0.700655 0.568330
vt 0.700655 0.568330
vt 0.700655 0.568330
vt 0.700655 0.568330
vt 0.700655 0.568330
vt 0.704950 0.568330
vt 0.700655 0.568330
vt 0.704950 0.568330
vt 0.704950 0.568330
vt 0.704950 0.568330
vt 0.704950 0.568330
vt 0.704950 0.568330
vt 0.704950 0.568330
vt 0.704950 0.568330
vt 0.704950 0.568330
vt 0.704950 0.568330
vt 0.704950 0.568330
vt 0.704950 0.568330
vt 0.700655 0.568330
vt 0.700655 0.568330
vt 0.700655 0.568330
vt 0.700655 0.568330
vt 0.700655 0.568330
vt 0.700655 0.568330
vt 0.700655 0.568330
vt 0.700655 0.568330
vt 0.700655 0.568330
vt 0.700655 0.568330
vt 0.700655 0.568330
vt 0.700655 0.568330
vt 0.700655 0.568330
vt 0.700655 0.568330
vt 0.700655 0.568330
vt 0.700655 0.568330
vt 0.704950 0.568330
vt 0.700655 0.568330
vt 0.700655 0.568330
vt 0.704950 0.568330
vt 0.704950 0.568330
vt 0.704950 0.568330
vt 0.700655 0.568330
vt 0.704950 0.568330
vt 0.704950 0.568330
vt 0.700655 0.568330
vt 0.700655 0.568330
vt 0.704950 0.568330
vt 0.704950 0.568330
vt 0.700655 0.568330
vt 0.704950 0.568330
vt 0.700655 0.568330
vt 0.700655 0.568330
vt 0.704950 0.568330
vt 0.704950 0.568330
vt 0.704950 0.568330
vt 0.704950 0.568330
vt 0.704950 0.568330
vt 0.704950 0.568330
vt 0.700655 0.568330
vt 0.704950 0.568330
vt 0.700655 0.568330
vt 0.700655 0.568330
vt 0.704950 0.568330
vt 0.700655 0.568330
vt 0.704950 0.568330
vt 0.700655 0.568330
vt 0.700655 0.568330
vt 0.704950 0.568330
vt 0.704950 0.568330
vt 0.704950 0.568330
vt 0.704950 0.568330
vt 0.704950 0.568330
vt 0.704950 0.568330
vt 0.700655 0.568330
vt 0.700655 0.568330
vt 0.700655 0.568330
vt 0.700655 0.568330
vt 0.704950 0.568330
vt 0.700655 0.568330
vt 0.700655 0.568330
vt 0.704950 0.568330
vt 0.704950 0.568330
vt 0.700655 0.568330
vt 0.700655 0.568330
vt 0.704950 0.568330
vt 0.704950 0.568330
vt 0.700655 0.568330
vt 0.700655 0.568330
vt 0.704950 0.568330
vt 0.700655 0.568330
vt 0.700655 0.568330
vt 0.700655 0.568330
vt 0.700655 0.568330
vt 0.700655 0.568330
vt 0.700655 0.568330
vt 0.700655 0.568330
vt 0.700655 0.568330
vt 0.704950 0.568330
vt 0.700655 0.568330
vt 0.704950 0.568330
vt 0.704950 0.568330
vt 0.704950 0.568330
vt 0.704950 0.568330
vt 0.704950 0.568330
vt 0.704950 0.568330
vt 0.704950 0.568330
vt 0.704950 0.568330
vt 0.700655 0.568330
vt 0.700655 0.568330
vt 0.704950 0.568330
vt 0.704950 0.568330
vt 0.704950 0.568330
vt 0.704950 0.568330
vt 0.704950 0.568330
vt 0.704950 0.568330
vt 0.704950 0.568330
vt 0.700655 0.568330
vt 0.700655 0.568330
vt 0.704950 0.568330
vt 0.704950 0.568330
vt 0.704950 0.568330
vt 0.704950 0.568330
vt 0.700655 0.568330
vt 0.704950 0.568330
vt 0.704950 0.568330
vt 0.704950 0.568330
vt 0.704950 0.568330
vt 0.700655 0.568330
vt 0.704950 0.568330
vt 0.700655 0.568330
vt 0.700655 0.568330
vt 0.704950 0.568330
vt 0.700655 0.568330
vt 0.704950 0.568330
vt 0.700655 0.568330
vt 0.700655 0.568330
vt 0.704950 0.568330
vt 0.700655 0.568330
vt 0.700655 0.568330
vt 0.704950 0.568330
vt 0.700655 0.568330
vt 0.704950 0.568330
vt 0.704950 0.568330
vt 0.700655 0.568330
vt 0.700655 0.568330
vt 0.704950 0.568330
vt 0.700655 0.568330
vt 0.700655 0.568330
vt 0.704950 0.568330
vt 0.704950 0.568330
vt 0.700655 0.568330
vt 0.704950 0.568330
vt 0.700655 0.568330
vt 0.704950 0.568330
vt 0.700655 0.568330
vt 0.704950 0.568330
vt 0.700655 0.568330
vt 0.700655 0.568330
vt 0.704950 0.568330
vt 0.700655 0.568330
vt 0.700655 0.568330
vt 0.704950 0.568330
vt 0.704950 0.568330
vt 0.700655 0.568330
vt 0.704950 0.568330
vt 0.700655 0.568330
vt 0.704950 0.568330
vt 0.704950 0.568330
vt 0.704950 0.568330
vt 0.704950 0.568330
vt 0.704950 0.568330
vt 0.704950 0.568330
vt 0.704950 0.568330
vt 0.704950 0.568330
vt 0.704950 0.568330
vt 0.704950 0.568330
vt 0.700655 0.568330
vt 0.700655 0.568330
vt 0.700655 0.568330
vt 0.700655 0.568330
vt 0.704950 0.568330
vt 0.700655 0.568330
vt 0.700655 0.568330
vt 0.700655 0.568330
vt 0.700655 0.568330
vt 0.700655 0.568330
vt 0.700655 0.568330
vt 0.700655 0.568330
vt 0.700655 0.568330
vt 0.704950 0.568330
vt 0.700655 0.568330
vt 0.704950 0.568330
vt 0.704950 0.568330
vt 0.700655 0.568330
vt 0.704645 0.567870
vt 0.704645 0.570610
vt 0.707210 0.570610
vt 0.707210 0.567870
vt 0.707210 0.570610
vt 0.709960 0.567870
vt 0.710870 0.567870
vt 0.710870 0.564940
vt 0.709960 0.567870
vt 0.709960 0.564940
vt 0.710870 0.564940
vt 0.709960 0.567870
vt 0.707210 0.567870
vt 0.707210 0.564940
vt 0.709960 0.567870
vt 0.704645 0.567870
vt 0.704645 0.564940
vt 0.707210 0.567870
vt 0.703625 0.567860
vt 0.703625 0.564940
vt 0.704645 0.567870
vt 0.704645 0.564940
vt 0.703625 0.564940
vt 0.703625 0.567860
vt 0.703625 0.564940
vt 0.704645 0.564940
vt 0.704645 0.567870
vt 0.703625 0.567860
vt 0.704645 0.567870
vt 0.703625 0.570610
vt 0.704645 0.567870
vt 0.704645 0.570610
vt 0.703625 0.570610
vt 0.707210 0.570610
vt 0.704645 0.570610
vt 0.704645 0.567870
vt 0.704645 0.564940
vt 0.707210 0.564940
vt 0.707210 0.567870
vt 0.707210 0.567870
vt 0.707210 0.570610
vt 0.704645 0.567870
vt 0.707210 0.567870
vt 0.709960 0.567870
vt 0.707210 0.570610
vt 0.709960 0.567870
vt 0.709960 0.570610
vt 0.707210 0.570610
vt 0.707210 0.564940
vt 0.709960 0.564940
vt 0.709960 0.567870
vt 0.710870 0.564940
vt 0.710870 0.567870
vt 0.709960 0.567870
vt 0.709960 0.567870
vt 0.710870 0.567870
vt 0.709960 0.570610
vt 0.710870 0.567870
vt 0.710870 0.570610
vt 0.709960 0.570610
vt 0.710870 0.564940
vt 0.709960 0.564940
vt 0.709960 0.567870
vt 0.710870 0.567870
vt 0.709960 0.567870
vt 0.710870 0.570610
vt 0.709960 0.567870
vt 0.709960 0.570610
vt 0.710870 0.570610
vt 0.709960 0.567870
vt 0.709960 0.564940
vt 0.707210 0.567870
vt 0.709960 0.564940
vt 0.707210 0.564940
vt 0.707210 0.567870
vt 0.707210 0.570610
vt 0.709960 0.570610
vt 0.709960 0.567870
vt 0.703625 0.567860
vt 0.703625 0.570610
vt 0.704645 0.570610
vt 0.704645 0.567870
vt 0.704645 0.564940
vt 0.703625 0.567860
vt 0.704645 0.567870
vt 0.703625 0.567860
vt 0.704645 0.570610
vt 0.707210 0.567870
vt 0.707210 0.564940
vt 0.704645 0.567870
vt 0.707210 0.564940
vt 0.704645 0.564940
vt 0.704645 0.567870
vt 0.707210 0.567870
vt 0.704645 0.567870
vt 0.707210 0.570610
vt 0.342925 0.010220
vt 0.336000 0.401610
vt 0.336000 0.401610
vt 0.342925 0.010220
vt 0.342925 0.010220
vt 0.336000 0.401610
vt 0.272515 0.010220
vt 0.273895 0.401610
vt 0.273895 0.401610
vt 0.272515 0.010220
vt 0.272515 0.010220
vt 0.273895 0.401610
vt 0.304835 0.010220
vt 0.304945 0.401610
vt 0.336000 0.401610
vt 0.342925 0.010220
vt 0.304835 0.010220
vt 0.336000 0.401610
vt 0.304835 0.010220
vt 0.272515 0.010220
vt 0.273895 0.401610
vt 0.304945 0.401610
vt 0.304835 0.010220
vt 0.273895 0.401610
vt 0.336000 0.401610
vt 0.304945 0.401610
vt 0.304945 0.401610
vt 0.336000 0.401610
vt 0.336000 0.401610
vt 0.304945 0.401610
vt 0.304945 0.401610
vt 0.273895 0.401610
vt 0.273895 0.401610
vt 0.304945 0.401610
vt 0.304945 0.401610
vt 0.273895 0.401610
vt 0.336000 0.401610
vt 0.304945 0.401610
vt 0.304835 0.010220
vt 0.342925 0.010220
vt 0.336000 0.401610
vt 0.304835 0.010220
vt 0.304945 0.401610
vt 0.273895 0.401610
vt 0.272515 0.010220
vt 0.304835 0.010220
vt 0.304945 0.401610
vt 0.272515 0.010220
vt 0.449905 0.294870
vt 0.449905 0.391290
vt 0.482970 0.391290
vt 0.482970 0.294870
vt 0.449905 0.294870
vt 0.482970 0.391290
vt 0.482970 0.294870
vt 0.482970 0.391290
vt 0.449905 0.391290
vt 0.449905 0.294870
vt 0.482970 0.294870
vt 0.449905 0.391290
vt 0.482970 0.294870
vt 0.482970 0.391290
vt 0.482970 0.391290
vt 0.482970 0.294870
vt 0.482970 0.294870
vt 0.482970 0.391290
vt 0.449905 0.294870
vt 0.449905 0.391290
vt 0.416840 0.391290
vt 0.416840 0.294870
vt 0.449905 0.294870
vt 0.416840 0.391290
vt 0.416840 0.294870
vt 0.416840 0.391290
vt 0.449905 0.391290
vt 0.449905 0.294870
vt 0.416840 0.294870
vt 0.449905 0.391290
vt 0.179265 0.979650
vt 0.179150 0.977450
vt 0.186965 0.977450
vt 0.187095 0.979650
vt 0.179265 0.979650
vt 0.186965 0.977450
vt 0.179155 0.989420
vt 0.179230 0.990880
vt 0.186995 0.990870
vt 0.186910 0.989420
vt 0.179155 0.989420
vt 0.186995 0.990870
vt 0.179230 0.990880
vt 0.179265 0.985660
vt 0.187070 0.985660
vt 0.186995 0.990870
vt 0.179230 0.990880
vt 0.187070 0.985660
vt 0.179265 0.985660
vt 0.179265 0.979650
vt 0.187095 0.979650
vt 0.187070 0.985660
vt 0.179265 0.985660
vt 0.187095 0.979650
vt 0.179150 0.977450
vt 0.179135 0.983060
vt 0.186915 0.983060
vt 0.186965 0.977450
vt 0.179150 0.977450
vt 0.186915 0.983060
vt 0.179135 0.983060
vt 0.179155 0.989420
vt 0.186910 0.989420
vt 0.186915 0.983060
vt 0.179135 0.983060
vt 0.186910 0.989420
vt 0.186910 0.989420
vt 0.186995 0.990870
vt 0.187070 0.985660
vt 0.187095 0.979650
vt 0.186910 0.989420
vt 0.187070 0.985660
vt 0.186915 0.983060
vt 0.186910 0.989420
vt 0.187095 0.979650
vt 0.186965 0.977450
vt 0.186915 0.983060
vt 0.187095 0.979650
vt 0.045015 0.993510
vt 0.032880 0.993510
vt 0.032880 0.979770
vt 0.045015 0.979770
vt 0.045015 0.993510
vt 0.032880 0.979770
vt 0.008335 0.993510
vt 0.020475 0.993510
vt 0.020475 0.979770
vt 0.008335 0.979770
vt 0.008335 0.993510
vt 0.020475 0.979770
vt 0.020475 0.993510
vt 0.031700 0.993510
vt 0.031700 0.979770
vt 0.020475 0.979770
vt 0.020475 0.993510
vt 0.031700 0.979770
vt 0.031700 0.993510
vt 0.044935 0.993510
vt 0.044935 0.979770
vt 0.031700 0.979770
vt 0.031700 0.993510
vt 0.044935 0.979770
vt 0.032880 0.993510
vt 0.019640 0.993510
vt 0.019640 0.979770
vt 0.032880 0.979770
vt 0.032880 0.993510
vt 0.019640 0.979770
vt 0.019640 0.993510
vt 0.008415 0.993510
vt 0.008415 0.979770
vt 0.019640 0.979770
vt 0.019640 0.993510
vt 0.008415 0.979770
vt 0.547190 0.923340
vt 0.568000 0.923340
vt 0.568000 0.969130
vt 0.547190 0.969130
vt 0.568000 0.969130
vt 0.547190 0.985390
vt 0.547190 0.985390
vt 0.538920 0.985390
vt 0.538920 0.969130
vt 0.547190 0.969130
vt 0.538920 0.969130
vt 0.547190 0.985390
vt 0.568000 0.985390
vt 0.547190 0.985390
vt 0.547190 0.985390
vt 0.648590 0.965470
vt 0.648280 0.986300
vt 0.649000 0.965490
vt 0.568000 0.985390
vt 0.568000 0.985390
vt 0.568000 0.985390
vt 0.568000 0.985390
vt 0.568000 0.985390
vt 0.592715 0.985390
vt 0.592715 0.985390
vt 0.590310 0.985390
vt 0.590310 0.985390
vt 0.592715 0.985390
vt 0.590310 0.985390
vt 0.590310 0.985390
vt 0.590310 0.969130
vt 0.590310 0.985390
vt 0.597705 0.969130
vt 0.597705 0.969130
vt 0.597705 0.923340
vt 0.590310 0.923340
vt 0.590310 0.862070
vt 0.568000 0.862070
vt 0.590310 0.923340
vt 0.547190 0.862070
vt 0.568000 0.862070
vt 0.547190 0.751850
vt 0.547190 0.751850
vt 0.538920 0.751850
vt 0.538920 0.862070
vt 0.547190 0.862070
vt 0.538920 0.862070
vt 0.547190 0.751850
vt 0.547190 0.629810
vt 0.547190 0.751850
vt 0.538920 0.629810
vt 0.538920 0.629810
vt 0.538920 0.485340
vt 0.547190 0.485340
vt 0.547190 0.343790
vt 0.547190 0.485340
vt 0.538920 0.343790
vt 0.538920 0.343790
vt 0.538920 0.230490
vt 0.547190 0.230490
vt 0.547190 0.131190
vt 0.547190 0.230490
vt 0.538920 0.131190
vt 0.547190 0.131190
vt 0.538920 0.131190
vt 0.547190 0.230490
vt 0.547190 0.230490
vt 0.568000 0.230490
vt 0.568000 0.131190
vt 0.590310 0.131190
vt 0.568000 0.131190
vt 0.590310 0.230490
vt 0.590310 0.343790
vt 0.590310 0.230490
vt 0.568000 0.343790
vt 0.547190 0.343790
vt 0.547190 0.485340
vt 0.568000 0.343790
vt 0.547190 0.629810
vt 0.568000 0.629810
vt 0.547190 0.485340
vt 0.590310 0.629810
vt 0.590310 0.485340
vt 0.568000 0.629810
vt 0.590310 0.485340
vt 0.597705 0.485340
vt 0.597705 0.343790
vt 0.590310 0.343790
vt 0.590310 0.230490
vt 0.597705 0.343790
vt 0.590310 0.131190
vt 0.597705 0.131190
vt 0.590310 0.230490
vt 0.597705 0.131190
vt 0.597705 0.087140
vt 0.590310 0.087140
vt 0.590310 0.054690
vt 0.568000 0.054690
vt 0.590310 0.087140
vt 0.547190 0.054690
vt 0.568000 0.054690
vt 0.547190 0.040200
vt 0.547190 0.040200
vt 0.538920 0.040200
vt 0.538920 0.054690
vt 0.547190 0.054690
vt 0.538920 0.054690
vt 0.547190 0.040200
vt 0.568000 0.036980
vt 0.547190 0.040200
vt 0.547190 0.036980
vt 0.568000 0.036980
vt 0.547190 0.036980
vt 0.568000 0.036980
vt 0.568000 0.040200
vt 0.568000 0.036980
vt 0.568000 0.036980
vt 0.568000 0.036980
vt 0.568000 0.040200
vt 0.590310 0.036980
vt 0.590310 0.036980
vt 0.590310 0.040200
vt 0.590310 0.036980
vt 0.590310 0.036980
vt 0.590310 0.036980
vt 0.590310 0.040200
vt 0.590310 0.054690
vt 0.590310 0.040200
vt 0.597705 0.054690
vt 0.590310 0.054690
vt 0.597705 0.054690
vt 0.590310 0.087140
vt 0.568000 0.131190
vt 0.568000 0.087140
vt 0.590310 0.087140
vt 0.568000 0.054690
vt 0.568000 0.087140
vt 0.547190 0.087140
vt 0.547190 0.087140
vt 0.568000 0.087140
vt 0.568000 0.131190
vt 0.590310 0.087140
vt 0.568000 0.087140
vt 0.568000 0.054690
vt 0.590310 0.054690
vt 0.590310 0.087140
vt 0.568000 0.054690
vt 0.590310 0.040200
vt 0.597705 0.040200
vt 0.597705 0.054690
vt 0.590310 0.054690
vt 0.568000 0.054690
vt 0.590310 0.040200
vt 0.568000 0.054690
vt 0.568000 0.040200
vt 0.590310 0.040200
vt 0.590310 0.040200
vt 0.568000 0.040200
vt 0.590310 0.036980
vt 0.568000 0.040200
vt 0.568000 0.036980
vt 0.590310 0.036980
vt 0.590310 0.036980
vt 0.597705 0.040200
vt 0.590310 0.040200
vt 0.597705 0.054690
vt 0.597705 0.040200
vt 0.590310 0.040200
vt 0.590310 0.040200
vt 0.597705 0.040200
vt 0.590310 0.036980
vt 0.568000 0.040200
vt 0.590310 0.040200
vt 0.590310 0.036980
vt 0.568000 0.036980
vt 0.568000 0.036980
vt 0.568000 0.036980
vt 0.590310 0.036980
vt 0.568000 0.036980
vt 0.590310 0.036980
vt 0.568000 0.036980
vt 0.568000 0.036980
vt 0.590310 0.036980
vt 0.568000 0.036980
vt 0.568000 0.036980
vt 0.590310 0.036980
vt 0.568000 0.036980
vt 0.590310 0.036980
vt 0.590310 0.036980
vt 0.547190 0.036980
vt 0.568000 0.036980
vt 0.568000 0.036980
vt 0.568000 0.036980
vt 0.568000 0.036980
vt 0.568000 0.036980
vt 0.568000 0.036980
vt 0.568000 0.040200
vt 0.568000 0.036980
vt 0.547190 0.040200
vt 0.568000 0.040200
vt 0.568000 0.054690
vt 0.568000 0.040200
vt 0.547190 0.040200
vt 0.568000 0.036980
vt 0.547190 0.054690
vt 0.547190 0.040200
vt 0.568000 0.054690
vt 0.547190 0.054690
vt 0.568000 0.054690
vt 0.547190 0.087140
vt 0.538920 0.054690
vt 0.538920 0.087140
vt 0.547190 0.087140
vt 0.547190 0.054690
vt 0.547190 0.087140
vt 0.538920 0.054690
vt 0.547190 0.087140
vt 0.538920 0.087140
vt 0.538920 0.054690
vt 0.538920 0.054690
vt 0.538920 0.040200
vt 0.547190 0.040200
vt 0.547190 0.040200
vt 0.538920 0.040200
vt 0.547190 0.036980
vt 0.568000 0.036980
vt 0.547190 0.036980
vt 0.547190 0.040200
vt 0.547190 0.036980
vt 0.538920 0.040200
vt 0.547190 0.040200
vt 0.547190 0.040200
vt 0.568000 0.040200
vt 0.568000 0.036980
vt 0.547190 0.054690
vt 0.547190 0.040200
vt 0.538920 0.054690
vt 0.547190 0.054690
vt 0.538920 0.054690
vt 0.547190 0.087140
vt 0.568000 0.054690
vt 0.568000 0.040200
vt 0.547190 0.040200
vt 0.590310 0.040200
vt 0.568000 0.040200
vt 0.568000 0.054690
vt 0.547190 0.054690
vt 0.547190 0.087140
vt 0.568000 0.054690
vt 0.547190 0.087140
vt 0.568000 0.087140
vt 0.568000 0.054690
vt 0.590310 0.054690
vt 0.590310 0.040200
vt 0.568000 0.054690
vt 0.590310 0.054690
vt 0.597705 0.054690
vt 0.590310 0.040200
vt 0.568000 0.054690
vt 0.568000 0.087140
vt 0.590310 0.087140
vt 0.590310 0.054690
vt 0.590310 0.087140
vt 0.597705 0.054690
vt 0.597705 0.054690
vt 0.597705 0.087140
vt 0.590310 0.087140
vt 0.590310 0.087140
vt 0.597705 0.087140
vt 0.597705 0.054690
vt 0.590310 0.087140
vt 0.597705 0.087140
vt 0.597705 0.131190
vt 0.590310 0.131190
vt 0.590310 0.087140
vt 0.597705 0.131190
vt 0.590310 0.131190
vt 0.568000 0.131190
vt 0.590310 0.087140
vt 0.597705 0.131190
vt 0.597705 0.230490
vt 0.590310 0.230490
vt 0.590310 0.131190
vt 0.590310 0.230490
vt 0.568000 0.131190
vt 0.590310 0.230490
vt 0.568000 0.230490
vt 0.568000 0.131190
vt 0.568000 0.343790
vt 0.568000 0.230490
vt 0.590310 0.230490
vt 0.590310 0.485340
vt 0.568000 0.485340
vt 0.568000 0.343790
vt 0.590310 0.629810
vt 0.590310 0.485340
vt 0.597705 0.629810
vt 0.597705 0.629810
vt 0.597705 0.751850
vt 0.590310 0.751850
vt 0.590310 0.862070
vt 0.590310 0.751850
vt 0.597705 0.862070
vt 0.590310 0.862070
vt 0.597705 0.862070
vt 0.590310 0.923340
vt 0.590310 0.862070
vt 0.590310 0.923340
vt 0.568000 0.862070
vt 0.590310 0.862070
vt 0.568000 0.862070
vt 0.590310 0.751850
vt 0.568000 0.862070
vt 0.568000 0.751850
vt 0.590310 0.751850
vt 0.590310 0.751850
vt 0.568000 0.751850
vt 0.568000 0.629810
vt 0.597705 0.862070
vt 0.597705 0.751850
vt 0.590310 0.751850
vt 0.590310 0.751850
vt 0.597705 0.751850
vt 0.597705 0.862070
vt 0.590310 0.751850
vt 0.597705 0.751850
vt 0.597705 0.629810
vt 0.590310 0.629810
vt 0.597705 0.629810
vt 0.590310 0.751850
vt 0.590310 0.629810
vt 0.590310 0.751850
vt 0.568000 0.629810
vt 0.590310 0.629810
vt 0.568000 0.629810
vt 0.590310 0.485340
vt 0.568000 0.629810
vt 0.568000 0.485340
vt 0.590310 0.485340
vt 0.590310 0.343790
vt 0.568000 0.343790
vt 0.590310 0.230490
vt 0.590310 0.343790
vt 0.590310 0.485340
vt 0.568000 0.343790
vt 0.590310 0.230490
vt 0.597705 0.230490
vt 0.597705 0.343790
vt 0.590310 0.343790
vt 0.597705 0.343790
vt 0.590310 0.485340
vt 0.590310 0.485340
vt 0.597705 0.485340
vt 0.597705 0.629810
vt 0.597705 0.343790
vt 0.597705 0.485340
vt 0.590310 0.485340
vt 0.597705 0.629810
vt 0.597705 0.485340
vt 0.590310 0.485340
vt 0.590310 0.629810
vt 0.597705 0.629810
vt 0.590310 0.485340
vt 0.590310 0.629810
vt 0.590310 0.751850
vt 0.597705 0.629810
vt 0.590310 0.485340
vt 0.568000 0.485340
vt 0.568000 0.629810
vt 0.590310 0.629810
vt 0.568000 0.629810
vt 0.590310 0.751850
vt 0.568000 0.629810
vt 0.568000 0.751850
vt 0.590310 0.751850
vt 0.568000 0.629810
vt 0.568000 0.485340
vt 0.547190 0.485340
vt 0.547190 0.485340
vt 0.568000 0.485340
vt 0.568000 0.343790
vt 0.568000 0.343790
vt 0.568000 0.485340
vt 0.590310 0.485340
vt 0.590310 0.343790
vt 0.568000 0.343790
vt 0.590310 0.485340
vt 0.590310 0.343790
vt 0.590310 0.485340
vt 0.597705 0.343790
vt 0.590310 0.230490
vt 0.597705 0.230490
vt 0.597705 0.131190
vt 0.590310 0.343790
vt 0.597705 0.343790
vt 0.590310 0.230490
vt 0.597705 0.343790
vt 0.597705 0.230490
vt 0.590310 0.230490
vt 0.590310 0.131190
vt 0.590310 0.230490
vt 0.597705 0.131190
vt 0.590310 0.131190
vt 0.597705 0.131190
vt 0.590310 0.087140
vt 0.568000 0.131190
vt 0.568000 0.087140
vt 0.547190 0.087140
vt 0.590310 0.131190
vt 0.590310 0.087140
vt 0.568000 0.131190
vt 0.590310 0.087140
vt 0.568000 0.087140
vt 0.568000 0.131190
vt 0.568000 0.131190
vt 0.568000 0.230490
vt 0.590310 0.230490
vt 0.590310 0.230490
vt 0.568000 0.230490
vt 0.568000 0.343790
vt 0.547190 0.343790
vt 0.568000 0.343790
vt 0.547190 0.230490
vt 0.568000 0.343790
vt 0.568000 0.230490
vt 0.547190 0.230490
vt 0.547190 0.131190
vt 0.547190 0.230490
vt 0.568000 0.131190
vt 0.547190 0.131190
vt 0.568000 0.131190
vt 0.547190 0.087140
vt 0.538920 0.131190
vt 0.538920 0.087140
vt 0.547190 0.087140
vt 0.547190 0.131190
vt 0.547190 0.087140
vt 0.538920 0.131190
vt 0.547190 0.087140
vt 0.538920 0.087140
vt 0.538920 0.131190
vt 0.568000 0.131190
vt 0.568000 0.230490
vt 0.547190 0.131190
vt 0.547190 0.131190
vt 0.538920 0.131190
vt 0.547190 0.087140
vt 0.547190 0.131190
vt 0.547190 0.087140
vt 0.568000 0.131190
vt 0.568000 0.230490
vt 0.547190 0.230490
vt 0.547190 0.131190
vt 0.547190 0.230490
vt 0.568000 0.230490
vt 0.568000 0.343790
vt 0.538920 0.131190
vt 0.538920 0.230490
vt 0.547190 0.230490
vt 0.547190 0.230490
vt 0.538920 0.230490
vt 0.538920 0.131190
vt 0.547190 0.343790
vt 0.547190 0.230490
vt 0.538920 0.343790
vt 0.547190 0.230490
vt 0.538920 0.230490
vt 0.538920 0.343790
vt 0.547190 0.343790
vt 0.538920 0.343790
vt 0.547190 0.485340
vt 0.547190 0.343790
vt 0.538920 0.343790
vt 0.547190 0.230490
vt 0.547190 0.343790
vt 0.547190 0.230490
vt 0.568000 0.343790
vt 0.547190 0.485340
vt 0.568000 0.485340
vt 0.568000 0.629810
vt 0.547190 0.343790
vt 0.568000 0.343790
vt 0.547190 0.485340
vt 0.568000 0.343790
vt 0.568000 0.485340
vt 0.547190 0.485340
vt 0.547190 0.485340
vt 0.538920 0.485340
vt 0.538920 0.343790
vt 0.538920 0.343790
vt 0.538920 0.485340
vt 0.547190 0.485340
vt 0.547190 0.629810
vt 0.547190 0.485340
vt 0.538920 0.629810
vt 0.547190 0.485340
vt 0.538920 0.485340
vt 0.538920 0.629810
vt 0.547190 0.629810
vt 0.538920 0.629810
vt 0.547190 0.485340
vt 0.547190 0.629810
vt 0.547190 0.485340
vt 0.568000 0.629810
vt 0.547190 0.751850
vt 0.568000 0.751850
vt 0.568000 0.862070
vt 0.547190 0.629810
vt 0.568000 0.629810
vt 0.547190 0.751850
vt 0.568000 0.629810
vt 0.568000 0.751850
vt 0.547190 0.751850
vt 0.547190 0.862070
vt 0.547190 0.751850
vt 0.568000 0.862070
vt 0.538920 0.862070
vt 0.538920 0.923340
vt 0.547190 0.923340
vt 0.568000 0.969130
vt 0.568000 0.923340
vt 0.547190 0.923340
vt 0.538920 0.862070
vt 0.538920 0.751850
vt 0.547190 0.751850
vt 0.547190 0.751850
vt 0.538920 0.751850
vt 0.538920 0.629810
vt 0.547190 0.629810
vt 0.538920 0.629810
vt 0.547190 0.751850
vt 0.538920 0.629810
vt 0.538920 0.751850
vt 0.547190 0.751850
vt 0.547190 0.629810
vt 0.547190 0.751850
vt 0.568000 0.629810
vt 0.547190 0.751850
vt 0.568000 0.751850
vt 0.568000 0.629810
vt 0.547190 0.862070
vt 0.547190 0.751850
vt 0.538920 0.862070
vt 0.547190 0.862070
vt 0.538920 0.862070
vt 0.547190 0.923340
vt 0.568000 0.862070
vt 0.568000 0.751850
vt 0.547190 0.751850
vt 0.547190 0.862070
vt 0.547190 0.923340
vt 0.568000 0.862070
vt 0.547190 0.923340
vt 0.568000 0.923340
vt 0.568000 0.862070
vt 0.590310 0.751850
vt 0.568000 0.751850
vt 0.590310 0.862070
vt 0.568000 0.751850
vt 0.568000 0.862070
vt 0.590310 0.862070
vt 0.590310 0.862070
vt 0.597705 0.862070
vt 0.590310 0.751850
vt 0.568000 0.862070
vt 0.568000 0.923340
vt 0.590310 0.923340
vt 0.590310 0.923340
vt 0.568000 0.923340
vt 0.568000 0.969130
vt 0.590310 0.862070
vt 0.590310 0.923340
vt 0.597705 0.862070
vt 0.597705 0.862070
vt 0.597705 0.923340
vt 0.590310 0.923340
vt 0.590310 0.923340
vt 0.597705 0.923340
vt 0.597705 0.862070
vt 0.590310 0.969130
vt 0.590310 0.923340
vt 0.597705 0.969130
vt 0.590310 0.923340
vt 0.597705 0.923340
vt 0.597705 0.969130
vt 0.590310 0.969130
vt 0.590310 0.923340
vt 0.568000 0.969130
vt 0.590310 0.969130
vt 0.597705 0.969130
vt 0.590310 0.923340
vt 0.590310 0.985390
vt 0.597705 0.985390
vt 0.597705 0.969130
vt 0.590310 0.969130
vt 0.568000 0.969130
vt 0.590310 0.985390
vt 0.568000 0.969130
vt 0.568000 0.985390
vt 0.590310 0.985390
vt 0.590310 0.985390
vt 0.568000 0.985390
vt 0.592715 0.985390
vt 0.568000 0.985390
vt 0.568000 0.985390
vt 0.592715 0.985390
vt 0.590310 0.985390
vt 0.597705 0.985390
vt 0.590310 0.985390
vt 0.590310 0.969130
vt 0.597705 0.969130
vt 0.590310 0.985390
vt 0.597705 0.969130
vt 0.597705 0.985390
vt 0.590310 0.985390
vt 0.590310 0.985390
vt 0.597705 0.985390
vt 0.590310 0.985390
vt 0.568000 0.985390
vt 0.590310 0.985390
vt 0.592715 0.985390
vt 0.648300 0.965450
vt 0.648590 0.965470
vt 0.649000 0.965490
vt 0.648415 0.943110
vt 0.648590 0.965470
vt 0.648660 0.940710
vt 0.648590 0.965470
vt 0.648300 0.965450
vt 0.648660 0.940710
vt 0.648300 0.965450
vt 0.648590 0.965470
vt 0.648660 0.940710
vt 0.648590 0.965470
vt 0.648415 0.943110
vt 0.648660 0.940710
vt 0.648280 0.986300
vt 0.648590 0.965470
vt 0.649000 0.965490
vt 0.648590 0.965470
vt 0.648300 0.965450
vt 0.649000 0.965490
vt 0.568000 0.985390
vt 0.568000 0.985390
vt 0.568000 0.985390
vt 0.547190 0.985390
vt 0.568000 0.985390
vt 0.568000 0.969130
vt 0.568000 0.985390
vt 0.547190 0.985390
vt 0.568000 0.985390
vt 0.547190 0.969130
vt 0.547190 0.985390
vt 0.568000 0.969130
vt 0.547190 0.969130
vt 0.568000 0.969130
vt 0.547190 0.923340
vt 0.547190 0.969130
vt 0.547190 0.923340
vt 0.538920 0.969130
vt 0.547190 0.923340
vt 0.538920 0.923340
vt 0.538920 0.969130
vt 0.538920 0.969130
vt 0.538920 0.985390
vt 0.547190 0.985390
vt 0.547190 0.985390
vt 0.538920 0.985390
vt 0.547190 0.985390
vt 0.568000 0.985390
vt 0.547190 0.985390
vt 0.547190 0.985390
vt 0.547190 0.985390
vt 0.538920 0.985390
vt 0.547190 0.985390
vt 0.547190 0.985390
vt 0.568000 0.985390
vt 0.568000 0.985390
vt 0.547190 0.969130
vt 0.547190 0.985390
vt 0.538920 0.969130
vt 0.568000 0.969130
vt 0.568000 0.985390
vt 0.547190 0.985390
vt 0.590310 0.969130
vt 0.590310 0.985390
vt 0.568000 0.969130
vt 0.590310 0.985390
vt 0.568000 0.985390
vt 0.568000 0.969130
vt 0.590310 0.969130
vt 0.568000 0.969130
vt 0.590310 0.923340
vt 0.590310 0.923340
vt 0.568000 0.923340
vt 0.568000 0.862070
vt 0.568000 0.969130
vt 0.568000 0.923340
vt 0.590310 0.923340
vt 0.547190 0.862070
vt 0.547190 0.923340
vt 0.538920 0.862070
vt 0.547190 0.923340
vt 0.538920 0.923340
vt 0.538920 0.862070
vt 0.547190 0.969130
vt 0.538920 0.969130
vt 0.547190 0.923340
vt 0.538920 0.969130
vt 0.538920 0.923340
vt 0.547190 0.923340
vt 0.547190 0.862070
vt 0.568000 0.862070
vt 0.547190 0.923340
vt 0.568000 0.862070
vt 0.568000 0.923340
vt 0.547190 0.923340
vt 0.547190 0.969130
vt 0.547190 0.923340
vt 0.568000 0.969130
vt 0.700655 0.568330
vt 0.704950 0.568330
vt 0.704950 0.568330
vt 0.704950 0.568330
vt 0.700655 0.568330
vt 0.700655 0.568330
vt 0.700655 0.568330
vt 0.700655 0.568330
vt 0.704950 0.568330
vt 0.704950 0.568330
vt 0.704950 0.568330
vt 0.700655 0.568330
vt 0.704950 0.568330
vt 0.700655 0.568330
vt 0.704950 0.568330
vt 0.700655 0.568330
vt 0.704950 0.568330
vt 0.704950 0.568330
vt 0.704950 0.568330
vt 0.700655 0.568330
vt 0.704950 0.568330
vt 0.700655 0.568330
vt 0.700655 0.568330
vt 0.700655 0.568330
vt 0.700655 0.568330
vt 0.700655 0.568330
vt 0.700655 0.568330
vt 0.700655 0.568330
vt 0.704950 0.568330
vt 0.700655 0.568330
vt 0.704950 0.568330
vt 0.704950 0.568330
vt 0.704950 0.568330
vt 0.704950 0.568330
vt 0.704950 0.568330
vt 0.704950 0.568330
vt 0.704950 0.568330
vt 0.704950 0.568330
vt 0.704950 0.568330
vt 0.704950 0.568330
vt 0.704950 0.568330
vt 0.700655 0.568330
vt 0.700655 0.568330
vt 0.700655 0.568330
vt 0.700655 0.568330
vt 0.700655 0.568330
vt 0.700655 0.568330
vt 0.700655 0.568330
vt 0.700655 0.568330
vt 0.700655 0.568330
vt 0.700655 0.568330
vt 0.700655 0.568330
vt 0.700655 0.568330
vt 0.700655 0.568330
vt 0.700655 0.568330
vt 0.700655 0.568330
vt 0.700655 0.568330
vt 0.704950 0.568330
vt 0.700655 0.568330
vt 0.700655 0.568330
vt 0.704950 0.568330
vt 0.704950 0.568330
vt 0.704950 0.568330
vt 0.700655 0.568330
vt 0.704950 0.568330
vt 0.704950 0.568330
vt 0.700655 0.568330
vt 0.700655 0.568330
vt 0.704950 0.568330
vt 0.704950 0.568330
vt 0.700655 0.568330
vt 0.704950 0.568330
vt 0.700655 0.568330
vt 0.700655 0.568330
vt 0.704950 0.568330
vt 0.704950 0.568330
vt 0.704950 0.568330
vt 0.704950 0.568330
vt 0.704950 0.568330
vt 0.704950 0.568330
vt 0.700655 0.568330
vt 0.704950 0.568330
vt 0.700655 0.568330
vt 0.700655 0.568330
vt 0.704950 0.568330
vt 0.700655 0.568330
vt 0.704950 0.568330
vt 0.700655 0.568330
vt 0.700655 0.568330
vt 0.704950 0.568330
vt 0.704950 0.568330
vt 0.704950 0.568330
vt 0.704950 0.568330
vt 0.704950 0.568330
vt 0.704950 0.568330
vt 0.700655 0.568330
vt 0.700655 0.568330
vt 0.700655 0.568330
vt 0.700655 0.568330
vt 0.704950 0.568330
vt 0.700655 0.568330
vt 0.700655 0.568330
vt 0.704950 0.568330
vt 0.704950 0.568330
vt 0.700655 0.568330
vt 0.700655 0.568330
vt 0.704950 0.568330
vt 0.704950 0.568330
vt 0.700655 0.568330
vt 0.700655 0.568330
vt 0.704950 0.568330
vt 0.700655 0.568330
vt 0.700655 0.568330
vt 0.700655 0.568330
vt 0.700655 0.568330
vt 0.700655 0.568330
vt 0.700655 0.568330
vt 0.700655 0.568330
vt 0.700655 0.568330
vt 0.704950 0.568330
vt 0.700655 0.568330
vt 0.704950 0.568330
vt 0.704950 0.568330
vt 0.704950 0.568330
vt 0.704950 0.568330
vt 0.704950 0.568330
vt 0.704950 0.568330
vt 0.704950 0.568330
vt 0.704950 0.568330
vt 0.700655 0.568330
vt 0.700655 0.568330
vt 0.704950 0.568330
vt 0.704950 0.568330
vt 0.704950 0.568330
vt 0.704950 0.568330
vt 0.704950 0.568330
vt 0.704950 0.568330
vt 0.704950 0.568330
vt 0.700655 0.568330
vt 0.700655 0.568330
vt 0.704950 0.568330
vt 0.704950 0.568330
vt 0.704950 0.568330
vt 0.704950 0.568330
vt 0.700655 0.568330
vt 0.704950 0.568330
vt 0.704950 0.568330
vt 0.704950 0.568330
vt 0.704950 0.568330
vt 0.700655 0.568330
vt 0.704950 0.568330
vt 0.700655 0.568330
vt 0.700655 0.568330
vt 0.704950 0.568330
vt 0.700655 0.568330
vt 0.704950 0.568330
vt 0.700655 0.568330
vt 0.700655 0.568330
vt 0.704950 0.568330
vt 0.700655 0.568330
vt 0.700655 0.568330
vt 0.704950 0.568330
vt 0.700655 0.568330
vt 0.704950 0.568330
vt 0.704950 0.568330
vt 0.700655 0.568330
vt 0.700655 0.568330
vt 0.704950 0.568330
vt 0.700655 0.568330
vt 0.700655 0.568330
vt 0.704950 0.568330
vt 0.704950 0.568330
vt 0.700655 0.568330
vt 0.704950 0.568330
vt 0.700655 0.568330
vt 0.704950 0.568330
vt 0.700655 0.568330
vt 0.704950 0.568330
vt 0.700655 0.568330
vt 0.700655 0.568330
vt 0.704950 0.568330
vt 0.700655 0.568330
vt 0.700655 0.568330
vt 0.704950 0.568330
vt 0.704950 0.568330
vt 0.700655 0.568330
vt 0.704950 0.568330
vt 0.700655 0.568330
vt 0.704950 0.568330
vt 0.704950 0.568330
vt 0.704950 0.568330
vt 0.704950 0.568330
vt 0.704950 0.568330
vt 0.704950 0.568330
vt 0.704950 0.568330
vt 0.704950 0.568330
vt 0.704950 0.568330
vt 0.704950 0.568330
vt 0.700655 0.568330
vt 0.700655 0.568330
vt 0.700655 0.568330
vt 0.700655 0.568330
vt 0.704950 0.568330
vt 0.700655 0.568330
vt 0.700655 0.568330
vt 0.700655 0.568330
vt 0.700655 0.568330
vt 0.700655 0.568330
vt 0.700655 0.568330
vt 0.700655 0.568330
vt 0.700655 0.568330
vt 0.704950 0.568330
vt 0.700655 0.568330
vt 0.704950 0.568330
vt 0.704950 0.568330
vt 0.700655 0.568330
vt 0.704645 0.567870
vt 0.704645 0.570610
vt 0.707210 0.570610
vt 0.707210 0.567870
vt 0.707210 0.570610
vt 0.709960 0.567870
vt 0.710870 0.567870
vt 0.710870 0.564940
vt 0.709960 0.567870
vt 0.709960 0.564940
vt 0.710870 0.564940
vt 0.709960 0.567870
vt 0.707210 0.567870
vt 0.707210 0.564940
vt 0.709960 0.567870
vt 0.704645 0.567870
vt 0.704645 0.564940
vt 0.707210 0.567870
vt 0.703625 0.567860
vt 0.703625 0.564940
vt 0.704645 0.567870
vt 0.704645 0.564940
vt 0.703625 0.564940
vt 0.703625 0.567860
vt 0.703625 0.564940
vt 0.704645 0.564940
vt 0.704645 0.567870
vt 0.703625 0.567860
vt 0.704645 0.567870
vt 0.703625 0.570610
vt 0.704645 0.567870
vt 0.704645 0.570610
vt 0.703625 0.570610
vt 0.707210 0.570610
vt 0.704645 0.570610
vt 0.704645 0.567870
vt 0.704645 0.564940
vt 0.707210 0.564940
vt 0.707210 0.567870
vt 0.707210 0.567870
vt 0.707210 0.570610
vt 0.704645 0.567870
vt 0.707210 0.567870
vt 0.709960 0.567870
vt 0.707210 0.570610
vt 0.709960 0.567870
vt 0.709960 0.570610
vt 0.707210 0.570610
vt 0.707210 0.564940
vt 0.709960 0.564940
vt 0.709960 0.567870
vt 0.710870 0.564940
vt 0.710870 0.567870
vt 0.709960 0.567870
vt 0.709960 0.567870
vt 0.710870 0.567870
vt 0.709960 0.570610
vt 0.710870 0.567870
vt 0.710870 0.570610
vt 0.709960 0.570610
vt 0.710870 0.564940
vt 0.709960 0.564940
vt 0.709960 0.567870
vt 0.710870 0.567870
vt 0.709960 0.567870
vt 0.710870 0.570610
vt 0.709960 0.567870
vt 0.709960 0.570610
vt 0.710870 0.570610
vt 0.709960 0.567870
vt 0.709960 0.564940
vt 0.707210 0.567870
vt 0.709960 0.564940
vt 0.707210 0.564940
vt 0.707210 0.567870
vt 0.707210 0.570610
vt 0.709960 0.570610
vt 0.709960 0.567870
vt 0.703625 0.567860
vt 0.703625 0.570610
vt 0.704645 0.570610
vt 0.704645 0.567870
vt 0.704645 0.564940
vt 0.703625 0.567860
vt 0.704645 0.567870
vt 0.703625 0.567860
vt 0.704645 0.570610
vt 0.707210 0.567870
vt 0.707210 0.564940
vt 0.704645 0.567870
vt 0.707210 0.564940
vt 0.704645 0.564940
vt 0.704645 0.567870
vt 0.707210 0.567870
vt 0.704645 0.567870
vt 0.707210 0.570610
vt 0.342925 0.010220
vt 0.336000 0.401610
vt 0.336000 0.401610
vt 0.342925 0.010220
vt 0.342925 0.010220
vt 0.336000 0.401610
vt 0.272515 0.010220
vt 0.273895 0.401610
vt 0.273895 0.401610
vt 0.272515 0.010220
vt 0.272515 0.010220
vt 0.273895 0.401610
vt 0.304835 0.010220
vt 0.304945 0.401610
vt 0.336000 0.401610
vt 0.342925 0.010220
vt 0.304835 0.010220
vt 0.336000 0.401610
vt 0.304835 0.010220
vt 0.272515 0.010220
vt 0.273895 0.401610
vt 0.304945 0.401610
vt 0.304835 0.010220
vt 0.273895 0.401610
vt 0.336000 0.401610
vt 0.304945 0.401610
vt 0.304945 0.401610
vt 0.336000 0.401610
vt 0.336000 0.401610
vt 0.304945 0.401610
vt 0.304945 0.401610
vt 0.273895 0.401610
vt 0.273895 0.401610
vt 0.304945 0.401610
vt 0.304945 0.401610
vt 0.273895 0.401610
vt 0.336000 0.401610
vt 0.304945 0.401610
vt 0.304835 0.010220
vt 0.342925 0.010220
vt 0.336000 0.401610
vt 0.304835 0.010220
vt 0.304945 0.401610
vt 0.273895 0.401610
vt 0.272515 0.010220
vt 0.304835 0.010220
vt 0.304945 0.401610
vt 0.272515 0.010220
vt 0.450320 0.032360
vt 0.416840 0.092420
vt 0.416840 0.063500
vt 0.416840 0.092420
vt 0.449905 0.034580
vt 0.416840 0.063500
vt 0.449905 0.024940
vt 0.449905 0.024940
vt 0.425110 0.024940
vt 0.449905 0.024940
vt 0.425110 0.024940
vt 0.416840 0.063500
vt 0.449905 0.034580
vt 0.449905 0.024940
vt 0.416840 0.063500
vt 0.449905 0.024940
vt 0.450320 0.032360
vt 0.416840 0.063500
vt 0.425110 0.024940
vt 0.449905 0.024940
vt 0.416840 0.063500
vt 0.449905 0.034580
vt 0.449905 0.150260
vt 0.482970 0.150260
vt 0.482970 0.034580
vt 0.449905 0.034580
vt 0.482970 0.150260
vt 0.450320 0.032360
vt 0.482970 0.034580
vt 0.482970 0.150260
vt 0.449905 0.150260
vt 0.450320 0.032360
vt 0.482970 0.150260
vt 0.482970 0.034580
vt 0.482970 0.034580
vt 0.482970 0.150260
vt 0.482970 0.150260
vt 0.482970 0.034580
vt 0.482970 0.150260
vt 0.450320 0.032360
vt 0.449905 0.150260
vt 0.416840 0.150260
vt 0.416840 0.092420
vt 0.450320 0.032360
vt 0.416840 0.150260
vt 0.449905 0.034580
vt 0.416840 0.092420
vt 0.416840 0.150260
vt 0.449905 0.150260
vt 0.449905 0.034580
vt 0.416840 0.150260
vt 0.482970 0.150260
vt 0.449905 0.150260
vt 0.449905 0.217750
vt 0.482970 0.217750
vt 0.482970 0.150260
vt 0.449905 0.217750
vt 0.449905 0.150260
vt 0.482970 0.150260
vt 0.482970 0.217750
vt 0.449905 0.217750
vt 0.449905 0.150260
vt 0.482970 0.217750
vt 0.482970 0.150260
vt 0.482970 0.150260
vt 0.482970 0.217750
vt 0.482970 0.217750
vt 0.482970 0.150260
vt 0.482970 0.217750
vt 0.416840 0.150260
vt 0.449905 0.150260
vt 0.449905 0.217750
vt 0.416840 0.217750
vt 0.416840 0.150260
vt 0.449905 0.217750
vt 0.449905 0.150260
vt 0.416840 0.150260
vt 0.416840 0.217750
vt 0.449905 0.217750
vt 0.449905 0.150260
vt 0.416840 0.217750
vt 0.449905 0.294870
vt 0.449905 0.391290
vt 0.482970 0.391290
vt 0.482970 0.294870
vt 0.449905 0.294870
vt 0.482970 0.391290
vt 0.482970 0.217750
vt 0.449905 0.217750
vt 0.449905 0.294870
vt 0.482970 0.294870
vt 0.482970 0.217750
vt 0.449905 0.294870
vt 0.482970 0.294870
vt 0.482970 0.391290
vt 0.449905 0.391290
vt 0.449905 0.294870
vt 0.482970 0.294870
vt 0.449905 0.391290
vt 0.449905 0.217750
vt 0.482970 0.217750
vt 0.482970 0.294870
vt 0.449905 0.294870
vt 0.449905 0.217750
vt 0.482970 0.294870
vt 0.482970 0.294870
vt 0.482970 0.391290
vt 0.482970 0.391290
vt 0.482970 0.294870
vt 0.482970 0.294870
vt 0.482970 0.391290
vt 0.482970 0.217750
vt 0.482970 0.217750
vt 0.482970 0.294870
vt 0.482970 0.294870
vt 0.482970 0.217750
vt 0.482970 0.294870
vt 0.449905 0.294870
vt 0.449905 0.391290
vt 0.416840 0.391290
vt 0.416840 0.294870
vt 0.449905 0.294870
vt 0.416840 0.391290
vt 0.416840 0.217750
vt 0.449905 0.217750
vt 0.449905 0.294870
vt 0.416840 0.294870
vt 0.416840 0.217750
vt 0.449905 0.294870
vt 0.416840 0.294870
vt 0.416840 0.391290
vt 0.449905 0.391290
vt 0.449905 0.294870
vt 0.416840 0.294870
vt 0.449905 0.391290
vt 0.449905 0.217750
vt 0.416840 0.217750
vt 0.416840 0.294870
vt 0.449905 0.294870
vt 0.449905 0.217750
vt 0.416840 0.294870
vt 0.179265 0.979650
vt 0.179150 0.977450
vt 0.186965 0.977450
vt 0.187095 0.979650
vt 0.179265 0.979650
vt 0.186965 0.977450
vt 0.179155 0.989420
vt 0.179230 0.990880
vt 0.186995 0.990870
vt 0.186910 0.989420
vt 0.179155 0.989420
vt 0.186995 0.990870
vt 0.179230 0.990880
vt 0.179265 0.985660
vt 0.187070 0.985660
vt 0.186995 0.990870
vt 0.179230 0.990880
vt 0.187070 0.985660
vt 0.179265 0.985660
vt 0.179265 0.979650
vt 0.187095 0.979650
vt 0.187070 0.985660
vt 0.179265 0.985660
vt 0.187095 0.979650
vt 0.179150 0.977450
vt 0.179135 0.983060
vt 0.186915 0.983060
vt 0.186965 0.977450
vt 0.179150 0.977450
vt 0.186915 0.983060
vt 0.179135 0.983060
vt 0.179155 0.989420
vt 0.186910 0.989420
vt 0.186915 0.983060
vt 0.179135 0.983060
vt 0.186910 0.989420
vt 0.186910 0.989420
vt 0.186995 0.990870
vt 0.187070 0.985660
vt 0.187095 0.979650
vt 0.186910 0.989420
vt 0.187070 0.985660
vt 0.186915 0.983060
vt 0.186910 0.989420
vt 0.187095 0.979650
vt 0.186965 0.977450
vt 0.186915 0.983060
vt 0.187095 0.979650
vt 0.045015 0.993510
vt 0.032880 0.993510
vt 0.032880 0.979770
vt 0.045015 0.979770
vt 0.045015 0.993510
vt 0.032880 0.979770
vt 0.008335 0.993510
vt 0.020475 0.993510
vt 0.020475 0.979770
vt 0.008335 0.979770
vt 0.008335 0.993510
vt 0.020475 0.979770
vt 0.020475 0.993510
vt 0.031700 0.993510
vt 0.031700 0.979770
vt 0.020475 0.979770
vt 0.020475 0.993510
vt 0.031700 0.979770
vt 0.031700 0.993510
vt 0.044935 0.993510
vt 0.044935 0.979770
vt 0.031700 0.979770
vt 0.031700 0.993510
vt 0.044935 0.979770
vt 0.032880 0.993510
vt 0.019640 0.993510
vt 0.019640 0.979770
vt 0.032880 0.979770
vt 0.032880 0.993510
vt 0.019640 0.979770
vt 0.019640 0.993510
vt 0.008415 0.993510
vt 0.008415 0.979770
vt 0.019640 0.979770
vt 0.019640 0.993510
vt 0.008415 0.979770
vt 0.491525 0.991490
vt 0.488970 0.991490
vt 0.489825 0.990640
vt 0.490675 0.990640
vt 0.491525 0.991490
vt 0.489825 0.990640
vt 0.491525 0.988940
vt 0.491525 0.991490
vt 0.490675 0.990640
vt 0.490675 0.989790
vt 0.491525 0.988940
vt 0.490675 0.990640
vt 0.488970 0.988940
vt 0.491525 0.988940
vt 0.490675 0.989790
vt 0.489825 0.989790
vt 0.488970 0.988940
vt 0.490675 0.989790
vt 0.488970 0.991490
vt 0.488970 0.988940
vt 0.489825 0.989790
vt 0.489825 0.990640
vt 0.488970 0.991490
vt 0.489825 0.989790
vt 0.337175 0.692430
vt 0.359750 0.669850
vt 0.382325 0.692430
vt 0.359750 0.715000
vt 0.337175 0.692430
vt 0.382325 0.692430
vt 0.489835 0.986720
vt 0.488995 0.987560
vt 0.491510 0.987560
vt 0.490675 0.986720
vt 0.489835 0.986720
vt 0.491510 0.987560
vt 0.490675 0.986720
vt 0.491510 0.987560
vt 0.491510 0.985040
vt 0.490675 0.985890
vt 0.490675 0.986720
vt 0.491510 0.985040
vt 0.490675 0.985890
vt 0.491510 0.985040
vt 0.488995 0.985040
vt 0.489835 0.985890
vt 0.490675 0.985890
vt 0.488995 0.985040
vt 0.489835 0.985890
vt 0.488995 0.985040
vt 0.488995 0.987560
vt 0.489835 0.986720
vt 0.489835 0.985890
vt 0.488995 0.987560
vt 0.337195 0.692390
vt 0.359770 0.669810
vt 0.382345 0.692390
vt 0.359770 0.714960
vt 0.337195 0.692390
vt 0.382345 0.692390
vt 0.179265 0.979650
vt 0.179265 0.979650
vt 0.179265 0.979650
vt 0.179265 0.979650
vt 0.179265 0.979650
vt 0.179265 0.979650
vt 0.179265 0.979650
vt 0.179265 0.979650
vt 0.179265 0.979650
vt 0.179265 0.979650
vt 0.179265 0.979650
vt 0.179265 0.979650
vt 0.179265 0.979650
vt 0.179265 0.979650
vt 0.179265 0.979650
vt 0.179265 0.979650
vt 0.179265 0.979650
vt 0.179265 0.979650
vt 0.198242 0.995117
vt 0.198242 0.995117
vt 0.198242 0.995117
vt 0.198242 0.995117
vt 0.198242 0.995117
vt 0.198242 0.995117
vt 0.198242 0.995117
vt 0.198242 0.995117
vt 0.198242 0.995117
vt 0.198242 0.995117
vt 0.198242 0.995117
vt 0.198242 0.995117
vt 0.198242 0.995117
vt 0.198242 0.995117
vt 0.198242 0.995117
vt 0.198242 0.995117
vt 0.198242 0.995117
vt 0.198242 0.995117
vt 0.198242 0.995117
vt 0.198242 0.995117
vt 0.198242 0.995117
vt 0.198242 0.995117
vt 0.198242 0.995117
vt 0.198242 0.995117
vt 0.198242 0.995117
vt 0.198242 0.995117
vt 0.198242 0.995117
vt 0.198242 0.995117
vt 0.198242 0.995117
vt 0.198242 0.995117
vt 0.198242 0.995117
vt 0.198242 0.995117
vt 0.198242 0.995117
vt 0.198242 0.995117
vt 0.198242 0.995117
vt 0.198242 0.995117
vt 0.198242 0.995117
vt 0.198242 0.995117
vt 0.198242 0.995117
vt 0.198242 0.995117
vt 0.198242 0.995117
vt 0.198242 0.995117
vt 0.198242 0.995117
vt 0.198242 0.995117
vt 0.198242 0.995117
vt 0.198242 0.995117
vt 0.198242 0.995117
vt 0.198242 0.995117
vt 0.198242 0.995117
vt 0.198242 0.995117
vt 0.198242 0.995117
vt 0.198242 0.995117
vt 0.198242 0.995117
vt 0.198242 0.995117
vt 0.198242 0.995117
vt 0.198242 0.995117
vt 0.198242 0.995117
vt 0.198242 0.995117
vt 0.198242 0.995117
vt 0.198242 0.995117
vt 0.198242 0.995117
vt 0.198242 0.995117
vt 0.198242 0.995117
vt 0.198242 0.995117
vt 0.198242 0.995117
vt 0.198242 0.995117
vt 0.198242 0.995117
vt 0.198242 0.995117
vt 0.198242 0.995117
vt 0.198242 0.995117
vt 0.198242 0.995117
vt 0.198242 0.995117
vt 0.198242 0.995117
vt 0.198242 0.995117
vt 0.198242 0.995117
vt 0.198242 0.995117
vt 0.198242 0.995117
vt 0.198242 0.995117
vt 0.198242 0.995117
vt 0.198242 0.995117
vt 0.198242 0.995117
vt 0.198242 0.995117
vt 0.198242 0.995117
vt 0.198242 0.995117
vt 0.198242 0.995117
vt 0.198242 0.995117
vt 0.198242 0.995117
vt 0.198242 0.995117
vt 0.198242 0.995117
vt 0.198242 0.995117
vt 0.198242 0.995117
vt 0.198242 0.995117
vt 0.198242 0.995117
vt 0.198242 0.995117
vt 0.198242 0.995117
vt 0.198242 0.995117
vt 0.198242 0.995117
vt 0.198242 0.995117
vt 0.198242 0.995117
vt 0.198242 0.995117
vt 0.198242 0.995117
vt 0.198242 0.995117
vt 0.198242 0.995117
vt 0.198242 0.995117
vt 0.198242 0.995117
vt 0.198242 0.995117
vt 0.198242 0.995117
vt 0.198242 0.995117
vt 0.198242 0.995117
vt 0.198242 0.995117
vt 0.198242 0.995117
vt 0.198242 0.995117
vt 0.198242 0.995117
vt 0.198242 0.995117
vt 0.198242 0.995117
vt 0.198242 0.995117
vt 0.198242 0.995117
vt 0.198242 0.995117
vt 0.198242 0.995117
vt 0.198242 0.995117
vt 0.198242 0.995117
vt 0.198242 0.995117
vt 0.198242 0.995117
vt 0.198242 0.995117
vt 0.198242 0.995117
vt 0.198242 0.995117
vt 0.198242 0.995117
vt 0.198242 0.995117
vt 0.198242 0.995117
vt 0.198242 0.995117
vt 0.198242 0.995117
vt 0.198242 0.995117
vt 0.198242 0.995117
vt 0.198242 0.995117
vt 0.198242 0.995117
vt 0.198242 0.995117
vt 0.198242 0.995117
vt 0.198242 0.995117
vt 0.198242 0.995117
vt 0.198242 0.995117
vt 0.198242 0.995117
vt 0.198242 0.995117
vt 0.198242 0.995117
vt 0.198242 0.995117
vt 0.198242 0.995117
vt 0.198242 0.995117
vt 0.198242 0.995117
vt 0.198242 0.995117
vt 0.198242 0.995117
vt 0.198242 0.995117
vt 0.198242 0.995117
vt 0.198242 0.995117
vt 0.198242 0.995117
vt 0.198242 0.995117
vt 0.198242 0.995117
vt 0.198242 0.995117
vt 0.198242 0.995117
vt 0.198242 0.995117
vt 0.198242 0.995117
vt 0.198242 0.995117
vt 0.198242 0.995117
vt 0.198242 0.995117
vt 0.198242 0.995117
vt 0.198242 0.995117
vt 0.198242 0.995117
vt 0.198242 0.995117
vt 0.198242 0.995117
vt 0.198242 0.995117
vt 0.198242 0.995117
vt 0.198242 0.995117
vt 0.198242 0.995117
vt 0.198242 0.995117
vt 0.198242 0.995117
vt 0.198242 0.995117
vt 0.198242 0.995117
vt 0.198242 0.995117
vt 0.198242 0.995117
vt 0.198242 0.995117
vt 0.198242 0.995117
vt 0.198242 0.995117
vt 0.198242 0.995117
vt 0.198242 0.995117
vt 0.198242 0.995117
vt 0.198242 0.995117
vt 0.198242 0.995117
vt 0.198242 0.995117
vt 0.198242 0.995117
vt 0.198242 0.995117
vt 0.198242 0.995117
vt 0.198242 0.995117
vt 0.198242 0.995117
vt 0.198242 0.995117
vt 0.198242 0.995117
vt 0.198242 0.995117
vt 0.198242 0.995117
vt 0.198242 0.995117
vt 0.198242 0.995117
vt 0.198242 0.995117
vt 0.198242 0.995117
vt 0.198242 0.995117
vt 0.198242 0.995117
vt 0.198242 0.995117
vt 0.198242 0.995117
vt 0.198242 0.995117
vt 0.198242 0.995117
vt 0.198242 0.995117
vt 0.198242 0.995117
vt 0.198242 0.995117
vt 0.198242 0.995117
vt 0.198242 0.995117
vt 0.198242 0.995117
vt 0.198242 0.995117
vt 0.198242 0.995117
vt 0.198242 0.995117
vt 0.198242 0.995117
vt 0.198242 0.995117
vt 0.198242 0.995117
vt 0.198242 0.995117
vt 0.198242 0.995117
vt 0.198242 0.995117
vt 0.198242 0.995117
vt 0.198242 0.995117
vt 0.198242 0.995117
vt 0.198242 0.995117
vt 0.198242 0.995117
vt 0.198242 0.995117
vt 0.198242 0.995117
vt 0.198242 0.995117
vt 0.198242 0.995117
vt 0.198242 0.995117
vt 0.198242 0.995117
vt 0.198242 0.995117
vt 0.198242 0.995117
vt 0.198242 0.995117
vt 0.198242 0.995117
vt 0.198242 0.995117
vt 0.198242 0.995117
vt 0.198242 0.995117
vt 0.198242 0.995117
vt 0.198242 0.995117
vt 0.198242 0.995117
vt 0.198242 0.995117
vt 0.198242 0.995117
vt 0.198242 0.995117
vt 0.198242 0.995117
vt 0.198242 0.995117
vt 0.198242 0.995117
vt 0.198242 0.995117
vt 0.198242 0.995117
vt 0.198242 0.995117
vt 0.198242 0.995117
vt 0.198242 0.995117
vt 0.198242 0.995117
vt 0.198242 0.995117
vt 0.198242 0.995117
vt 0.198242 0.995117
vt 0.198242 0.995117
vt 0.198242 0.995117
vt 0.198242 0.995117
vt 0.198242 0.995117
vt 0.198242 0.995117
vt 0.198242 0.995117
vt 0.198242 0.995117
vt 0.198242 0.995117
vt 0.198242 0.995117
vt 0.198242 0.995117
vt 0.198242 0.995117
vt 0.198242 0.995117
vt 0.198242 0.995117
vt 0.198242 0.995117
vt 0.198242 0.995117
vt 0.198242 0.995117
vt 0.198242 0.995117
vt 0.198242 0.995117
vt 0.198242 0.995117
vt 0.198242 0.995117
vt 0.198242 0.995117
vt 0.198242 0.995117
vt 0.198242 0.995117
vt 0.198242 0.995117
vt 0.198242 0.995117
vt 0.198242 0.995117
vt 0.198242 0.995117
vt 0.198242 0.995117
vt 0.198242 0.995117
vt 0.198242 0.995117
vt 0.198242 0.995117
vt 0.198242 0.995117
vt 0.198242 0.995117
vt 0.198242 0.995117
vt 0.198242 0.995117
vt 0.198242 0.995117
vt 0.198242 0.995117
vt 0.198242 0.995117
vt 0.198242 0.995117
vt 0.198242 0.995117
vt 0.198242 0.995117
vt 0.198242 0.995117
vt 0.198242 0.995117
vt 0.198242 0.995117
vt 0.198242 0.995117
vt 0.198242 0.995117
vt 0.198242 0.995117
vt 0.198242 0.995117
vt 0.198242 0.995117
vt 0.198242 0.995117
vt 0.198242 0.995117
vt 0.198242 0.995117
vt 0.198242 0.995117
vt 0.198242 0.995117
vt 0.198242 0.995117
vt 0.198242 0.995117
vt 0.198242 0.995117
vt 0.198242 0.995117
vt 0.198242 0.995117
vt 0.198242 0.995117
vt 0.198242 0.995117
vt 0.198242 0.995117
vt 0.198242 0.995117
vt 0.198242 0.995117
vt 0.198242 0.995117
vt 0.198242 0.995117
vt 0.198242 0.995117
vt 0.198242 0.995117
vt 0.198242 0.995117
vt 0.198242 0.995117
vt 0.198242 0.995117
vt 0.198242 0.995117
vt 0.198242 0.995117
vt 0.198242 0.995117
vt 0.198242 0.995117
vt 0.198242 0.995117
vt 0.198242 0.995117
vt 0.198242 0.995117
vt 0.198242 0.995117
vt 0.198242 0.995117
vt 0.198242 0.995117
vt 0.198242 0.995117
vt 0.198242 0.995117
vt 0.198242 0.995117
vt 0.198242 0.995117
vt 0.198242 0.995117
vt 0.198242 0.995117
vt 0.198242 0.995117
vt 0.198242 0.995117
vt 0.198242 0.995117
vt 0.198242 0.995117
vt 0.198242 0.995117
vt 0.198242 0.995117
vt 0.198242 0.995117
vt 0.198242 0.995117
vt 0.198242 0.995117
vt 0.198242 0.995117
vt 0.198242 0.995117
vt 0.198242 0.995117
vt 0.198242 0.995117
vt 0.198242 0.995117
vt 0.198242 0.995117
vt 0.198242 0.995117
vt 0.198242 0.995117
vt 0.198242 0.995117
vt 0.198242 0.995117
vt 0.198242 0.995117
vt 0.198242 0.995117
vt 0.198242 0.995117
vt 0.198242 0.995117
vt 0.198242 0.995117
vt 0.198242 0.995117
vt 0.198242 0.995117
vt 0.198242 0.995117
vt 0.198242 0.995117
vt 0.198242 0.995117
vt 0.198242 0.995117
vt 0.198242 0.995117
vt 0.198242 0.995117
vt 0.198242 0.995117
vt 0.198242 0.995117
vt 0.198242 0.995117
vt 0.198242 0.995117
vt 0.198242 0.995117
vt 0.198242 0.995117
vt 0.198242 0.995117
vt 0.198242 0.995117
vt 0.198242 0.995117
vt 0.198242 0.995117
vt 0.198242 0.995117
vt 0.198242 0.995117
vt 0.198242 0.995117
vt 0.198242 0.995117
vt 0.198242 0.995117
vt 0.198242 0.995117
vt 0.198242 0.995117
vt 0.198242 0.995117
vt 0.198242 0.995117
vt 0.198242 0.995117
vt 0.198242 0.995117
vt 0.198242 0.995117
vt 0.198242 0.995117
vt 0.198242 0.995117
vt 0.198242 0.995117
vt 0.198242 0.995117
vt 0.198242 0.995117
vt 0.198242 0.995117
vt 0.198242 0.995117
vt 0.198242 0.995117
vt 0.198242 0.995117
vt 0.198242 0.995117
vt 0.198242 0.995117
vt 0.198242 0.995117
vt 0.198242 0.995117
vt 0.198242 0.995117
vt 0.198242 0.995117
vt 0.198242 0.995117
vt 0.198242 0.995117
vt 0.198242 0.995117
vt 0.198242 0.995117
vt 0.198242 0.995117
vt 0.198242 0.995117
vt 0.198242 0.995117
vt 0.198242 0.995117
vt 0.198242 0.995117
vt 0.198242 0.995117
vt 0.198242 0.995117
vt 0.198242 0.995117
vt 0.198242 0.995117
vt 0.198242 0.995117
vt 0.198242 0.995117
vt 0.198242 0.995117
vt 0.198242 0.995117
vt 0.198242 0.995117
vt 0.198242 0.995117
vt 0.198242 0.995117
vt 0.198242 0.995117
vt 0.198242 0.995117
vt 0.198242 0.995117
vt 0.198242 0.995117
vt 0.198242 0.995117
vt 0.198242 0.995117
vt 0.198242 0.995117
vt 0.198242 0.995117
vt 0.198242 0.995117
vt 0.198242 0.995117
vt 0.198242 0.995117
vt 0.198242 0.995117
vt 0.198242 0.995117
vt 0.198242 0.995117
vt 0.198242 0.995117
vt 0.198242 0.995117
vt 0.198242 0.995117
vt 0.198242 0.995117
vt 0.198242 0.995117
vt 0.198242 0.995117
vt 0.198242 0.995117
vt 0.198242 0.995117
vt 0.198242 0.995117
vt 0.198242 0.995117
vt 0.198242 0.995117
vt 0.198242 0.995117
vt 0.198242 0.995117
vt 0.198242 0.995117
vt 0.198242 0.995117
vt 0.198242 0.995117
vt 0.198242 0.995117
vt 0.198242 0.995117
vt 0.198242 0.995117
vt 0.198242 0.995117
vt 0.198242 0.995117
vt 0.198242 0.995117
vt 0.198242 0.995117
vt 0.198242 0.995117
vt 0.198242 0.995117
vt 0.198242 0.995117
vt 0.198242 0.995117
vt 0.198242 0.995117
vt 0.198242 0.995117
vt 0.198242 0.995117
vt 0.198242 0.995117
vt 0.198242 0.995117
vt 0.198242 0.995117
vt 0.198242 0.995117
vt 0.198242 0.995117
vt 0.198242 0.995117
vt 0.198242 0.995117
vt 0.198242 0.995117
vt 0.198242 0.995117
vt 0.198242 0.995117
vt 0.198242 0.995117
vt 0.198242 0.995117
vt 0.198242 0.995117
vt 0.198242 0.995117
vt 0.198242 0.995117
vt 0.198242 0.995117
vt 0.198242 0.995117
vt 0.198242 0.995117
vt 0.198242 0.995117
vt 0.198242 0.995117
vt 0.198242 0.995117
vt 0.198242 0.995117
vt 0.198242 0.995117
vt 0.198242 0.995117
vt 0.198242 0.995117
vt 0.198242 0.995117
vt 0.198242 0.995117
vt 0.198242 0.995117
vt 0.198242 0.995117
vt 0.198242 0.995117
vt 0.198242 0.995117
vt 0.198242 0.995117
vt 0.198242 0.995117
vt 0.198242 0.995117
vt 0.198242 0.995117
vt 0.198242 0.995117
vt 0.198242 0.995117
vt 0.198242 0.995117
vt 0.198242 0.995117
vt 0.198242 0.995117
vt 0.198242 0.995117
vt 0.198242 0.995117
vt 0.198242 0.995117
vt 0.198242 0.995117
vt 0.198242 0.995117
vt 0.198242 0.995117
vt 0.198242 0.995117
vt 0.198242 0.995117
vt 0.198242 0.995117
vt 0.198242 0.995117
vt 0.198242 0.995117
vt 0.198242 0.995117
vt 0.198242 0.995117
vt 0.198242 0.995117
vt 0.198242 0.995117
vt 0.198242 0.995117
vt 0.198242 0.995117
vt 0.198242 0.995117
vt 0.198242 0.995117
vt 0.198242 0.995117
vt 0.198242 0.995117
vt 0.198242 0.995117
vt 0.198242 0.995117
vt 0.198242 0.995117
vt 0.198242 0.995117
vt 0.198242 0.995117
vt 0.198242 0.995117
vt 0.198242 0.995117
vt 0.198242 0.995117
vt 0.198242 0.995117
vt 0.198242 0.995117
vt 0.198242 0.995117
vt 0.198242 0.995117
vt 0.198242 0.995117
vt 0.198242 0.995117
vt 0.198242 0.995117
vt 0.198242 0.995117
vt 0.198242 0.995117
vt 0.198242 0.995117
vt 0.198242 0.995117
vt 0.198242 0.995117
vt 0.198242 0.995117
vt 0.198242 0.995117
vt 0.198242 0.995117
vt 0.198242 0.995117
vt 0.198242 0.995117
vt 0.198242 0.995117
vt 0.198242 0.995117
vt 0.198242 0.995117
vt 0.198242 0.995117
vt 0.198242 0.995117
vt 0.198242 0.995117
vt 0.198242 0.995117
vt 0.198242 0.995117
vt 0.198242 0.995117
vt 0.198242 0.995117
vt 0.198242 0.995117
vt 0.198242 0.995117
vt 0.198242 0.995117
vt 0.198242 0.995117
vt 0.198242 0.995117
vt 0.198242 0.995117
vt 0.198242 0.995117
vt 0.198242 0.995117
vt 0.198242 0.995117
vt 0.198242 0.995117
vt 0.198242 0.995117
vt 0.198242 0.995117
vt 0.198242 0.995117
vt 0.198242 0.995117
vt 0.198242 0.995117
vt 0.198242 0.995117
vt 0.198242 0.995117
vt 0.198242 0.995117
vt 0.198242 0.995117
vt 0.198242 0.995117
vt 0.198242 0.995117
vt 0.198242 0.995117
vt 0.198242 0.995117
vt 0.198242 0.995117
vt 0.198242 0.995117
vt 0.198242 0.995117
vt 0.198242 0.995117
vt 0.198242 0.995117
vt 0.198242 0.995117
vt 0.198242 0.995117
vt 0.198242 0.995117
vt 0.198242 0.995117
vt 0.198242 0.995117
vt 0.198242 0.995117
vt 0.198242 0.995117
vt 0.198242 0.995117
vt 0.198242 0.995117
vt 0.198242 0.995117
vt 0.198242 0.995117
vt 0.198242 0.995117
vt 0.198242 0.995117
vt 0.198242 0.995117
vt 0.198242 0.995117
vt 0.198242 0.995117
vt 0.198242 0.995117
vt 0.198242 0.995117
vt 0.198242 0.995117
vt 0.198242 0.995117
vt 0.198242 0.995117
vt 0.198242 0.995117
vt 0.198242 0.995117
vt 0.198242 0.995117
vt 0.198242 0.995117
vt 0.198242 0.995117
vt 0.198242 0.995117
vt 0.198242 0.995117
vt 0.198242 0.995117
vt 0.198242 0.995117
vt 0.198242 0.995117
vt 0.198242 0.995117
vt 0.198242 0.995117
vt 0.198242 0.995117
vt 0.198242 0.995117
vt 0.198242 0.995117
vt 0.198242 0.995117
vt 0.198242 0.995117
vt 0.198242 0.995117
vt 0.198242 0.995117
vt 0.198242 0.995117
vt 0.198242 0.995117
vt 0.198242 0.995117
vt 0.198242 0.995117
vt 0.198242 0.995117
vt 0.198242 0.995117
vt 0.198242 0.995117
vt 0.198242 0.995117
vt 0.198242 0.995117
vt 0.198242 0.995117
vt 0.198242 0.995117
vt 0.198242 0.995117
vt 0.198242 0.995117
vt 0.198242 0.995117
vt 0.198242 0.995117
vt 0.198242 0.995117
vt 0.198242 0.995117
vt 0.198242 0.995117
vt 0.198242 0.995117
vt 0.198242 0.995117
vt 0.198242 0.995117
vt 0.198242 0.995117
vt 0.198242 0.995117
vt 0.198242 0.995117
vt 0.198242 0.995117
vt 0.198242 0.995117
vt 0.198242 0.995117
vt 0.198242 0.995117
vt 0.198242 0.995117
vt 0.198242 0.995117
vt 0.198242 0.995117
vt 0.198242 0.995117
vt 0.198242 0.995117
vt 0.198242 0.995117
vt 0.198242 0.995117
vt 0.198242 0.995117
vt 0.198242 0.995117
vt 0.198242 0.995117
vt 0.198242 0.995117
vt 0.198242 0.995117
vt 0.198242 0.995117
vt 0.198242 0.995117
vt 0.198242 0.995117
vt 0.198242 0.995117
vt 0.198242 0.995117
vt 0.198242 0.995117
vt 0.198242 0.995117
vt 0.198242 0.995117
vt 0.198242 0.995117
vt 0.198242 0.995117
vt 0.198242 0.995117
vt 0.198242 0.995117
vt 0.198242 0.995117
vt 0.198242 0.995117
vt 0.198242 0.995117
vt 0.198242 0.995117
vt 0.198242 0.995117
vt 0.198242 0.995117
vt 0.198242 0.995117
vt 0.198242 0.995117
vt 0.198242 0.995117
vt 0.198242 0.995117
vt 0.198242 0.995117
vt 0.198242 0.995117
vt 0.198242 0.995117
vt 0.198242 0.995117
vt 0.198242 0.995117
vt 0.198242 0.995117
vt 0.198242 0.995117
vt 0.198242 0.995117
vt 0.198242 0.995117
vt 0.198242 0.995117
vt 0.198242 0.995117
vt 0.198242 0.995117
vt 0.198242 0.995117
vt 0.198242 0.995117
vt 0.198242 0.995117
vt 0.198242 0.995117
vt 0.198242 0.995117
vt 0.198242 0.995117
vt 0.198242 0.995117
vt 0.198242 0.995117
vt 0.198242 0.995117
vt 0.198242 0.995117
vt 0.198242 0.995117
vt 0.198242 0.995117
vt 0.198242 0.995117
vt 0.198242 0.995117
vt 0.198242 0.995117
vt 0.198242 0.995117
vt 0.198242 0.995117
vt 0.198242 0.995117
vt 0.198242 0.995117
vt 0.198242 0.995117
vt 0.198242 0.995117
vt 0.198242 0.995117
vt 0.198242 0.995117
vt 0.198242 0.995117
vt 0.198242 0.995117
vt 0.198242 0.995117
vt 0.198242 0.995117
vt 0.198242 0.995117
vt 0.198242 0.995117
vt 0.198242 0.995117
vt 0.198242 0.995117
vt 0.198242 0.995117
vt 0.198242 0.995117
vt 0.198242 0.995117
vt 0.198242 0.995117
vt 0.198242 0.995117
vt 0.198242 0.995117
vt 0.198242 0.995117
vt 0.198242 0.995117
vt 0.198242 0.995117
vt 0.198242 0.995117
vt 0.198242 0.995117
vt 0.198242 0.995117
vt 0.198242 0.995117
vt 0.198242 0.995117
vt 0.198242 0.995117
vt 0.198242 0.995117
vt 0.198242 0.995117
vt 0.198242 0.995117
vt 0.198242 0.995117
vt 0.198242 0.995117
vt 0.198242 0.995117
vt 0.198242 0.995117
vt 0.198242 0.995117
vt 0.198242 0.995117
vt 0.198242 0.995117
vt 0.198242 0.995117
vt 0.198242 0.995117
vt 0.198242 0.995117
vt 0.198242 0.995117
vt 0.198242 0.995117
vt 0.198242 0.995117
vt 0.198242 0.995117
vt 0.198242 0.995117
vt 0.198242 0.995117
vt 0.198242 0.995117
vt 0.198242 0.995117
vt 0.198242 0.995117
vt 0.198242 0.995117
vt 0.198242 0.995117
vt 0.198242 0.995117
vt 0.198242 0.995117
vt 0.198242 0.995117
vt 0.198242 0.995117
vt 0.198242 0.995117
vt 0.198242 0.995117
vt 0.198242 0.995117
vt 0.198242 0.995117
vt 0.198242 0.995117
vt 0.198242 0.995117
vt 0.198242 0.995117
vt 0.198242 0.995117
vt 0.198242 0.995117
vt 0.198242 0.995117
vt 0.198242 0.995117
vt 0.198242 0.995117
vt 0.198242 0.995117
vt 0.198242 0.995117
vt 0.198242 0.995117
vt 0.198242 0.995117
vt 0.198242 0.995117
vt 0.198242 0.995117
vt 0.198242 0.995117
vt 0.198242 0.995117
vt 0.198242 0.995117
vt 0.198242 0.995117
vt 0.198242 0.995117
vt 0.198242 0.995117
vt 0.198242 0.995117
vt 0.198242 0.995117
vt 0.198242 0.995117
vt 0.198242 0.995117
vt 0.198242 0.995117
vt 0.198242 0.995117
vt 0.198242 0.995117
vt 0.198242 0.995117
vt 0.198242 0.995117
vt 0.198242 0.995117
vt 0.198242 0.995117
vt 0.198242 0.995117
vt 0.198242 0.995117
vt 0.198242 0.995117
vt 0.198242 0.995117
vt 0.198242 0.995117
vt 0.198242 0.995117
vt 0.198242 0.995117
vt 0.198242 0.995117
vt 0.198242 0.995117
vt 0.198242 0.995117
vt 0.198242 0.995117
vt 0.198242 0.995117
vt 0.198242 0.995117
vt 0.198242 0.995117
vt 0.198242 0.995117
vt 0.198242 0.995117
vt 0.198242 0.995117
vt 0.198242 0.995117
vt 0.198242 0.995117
vt 0.198242 0.995117
vt 0.198242 0.995117
vt 0.198242 0.995117
vt 0.198242 0.995117
vt 0.198242 0.995117
vt 0.198242 0.995117
vt 0.198242 0.995117
vt 0.198242 0.995117
vt 0.198242 0.995117
vt 0.198242 0.995117
vt 0.198242 0.995117
vt 0.198242 0.995117
vt 0.198242 0.995117
vt 0.198242 0.995117
vt 0.198242 0.995117
vt 0.198242 0.995117
vt 0.198242 0.995117
vt 0.198242 0.995117
vt 0.198242 0.995117
vt 0.198242 0.995117
vt 0.198242 0.995117
vt 0.198242 0.995117
vt 0.198242 0.995117
vt 0.198242 0.995117
vt 0.198242 0.995117
vt 0.198242 0.995117
vt 0.198242 0.995117
vt 0.198242 0.995117
vt 0.198242 0.995117
vt 0.198242 0.995117
vt 0.198242 0.995117
vt 0.198242 0.995117
vt 0.198242 0.995117
vt 0.198242 0.995117
vt 0.198242 0.995117
vt 0.198242 0.995117
vt 0.198242 0.995117
vt 0.198242 0.995117
vt 0.198242 0.995117
vt 0.198242 0.995117
vt 0.198242 0.995117
vt 0.198242 0.995117
vt 0.198242 0.995117
vt 0.198242 0.995117
vt 0.198242 0.995117
vt 0.198242 0.995117
vt 0.198242 0.995117
vt 0.198242 0.995117
vt 0.198242 0.995117
vt 0.198242 0.995117
vt 0.198242 0.995117
vt 0.198242 0.995117
vt 0.198242 0.995117
vt 0.198242 0.995117
vt 0.198242 0.995117
vt 0.198242 0.995117
vt 0.198242 0.995117
vt 0.198242 0.995117
vt 0.198242 0.995117
vt 0.198242 0.995117
vt 0.198242 0.995117
vt 0.198242 0.995117
vt 0.198242 0.995117
vt 0.198242 0.995117
vt 0.198242 0.995117
vt 0.198242 0.995117
vt 0.198242 0.995117
vt 0.198242 0.995117
vt 0.198242 0.995117
vt 0.198242 0.995117
vt 0.198242 0.995117
vt 0.198242 0.995117
vt 0.198242 0.995117
vt 0.198242 0.995117
vt 0.198242 0.995117
vt 0.198242 0.995117
vt 0.198242 0.995117
vt 0.198242 0.995117
vt 0.198242 0.995117
vt 0.198242 0.995117
vt 0.198242 0.995117
vt 0.198242 0.995117
vt 0.198242 0.995117
vt 0.198242 0.995117
vt 0.198242 0.995117
vt 0.198242 0.995117
vt 0.198242 0.995117
vt 0.198242 0.995117
vt 0.198242 0.995117
vt 0.198242 0.995117
vt 0.198242 0.995117
vt 0.198242 0.995117
vt 0.198242 0.995117
vt 0.198242 0.995117
vt 0.198242 0.995117
vt 0.198242 0.995117
vt 0.198242 0.995117
vt 0.198242 0.995117
vt 0.198242 0.995117
vt 0.198242 0.995117
vt 0.198242 0.995117
vt 0.198242 0.995117
vt 0.198242 0.995117
vt 0.198242 0.995117
vt 0.198242 0.995117
vt 0.198242 0.995117
vt 0.198242 0.995117
vt 0.198242 0.995117
vt 0.198242 0.995117
vt 0.198242 0.995117
vt 0.198242 0.995117
vt 0.198242 0.995117
vt 0.198242 0.995117
vt 0.198242 0.995117
vt 0.198242 0.995117
vt 0.198242 0.995117
vt 0.198242 0.995117
vt 0.198242 0.995117
vt 0.198242 0.995117
vt 0.198242 0.995117
vt 0.198242 0.995117
vt 0.198242 0.995117
vt 0.198242 0.995117
vt 0.198242 0.995117
vt 0.198242 0.995117
vt 0.198242 0.995117
vt 0.198242 0.995117
vt 0.198242 0.995117
vt 0.198242 0.995117
vt 0.198242 0.995117
vt 0.198242 0.995117
vt 0.198242 0.995117
vt 0.198242 0.995117
vt 0.198242 0.995117
vt 0.198242 0.995117
vt 0.198242 0.995117
vt 0.198242 0.995117
vt 0.198242 0.995117
vt 0.198242 0.995117
vt 0.198242 0.995117
vt 0.198242 0.995117
vt 0.198242 0.995117
vt 0.198242 0.995117
vt 0.198242 0.995117
vt 0.198242 0.995117
vt 0.198242 0.995117
vt 0.198242 0.995117
vt 0.198242 0.995117
vt 0.198242 0.995117
vt 0.198242 0.995117
vt 0.198242 0.995117
vt 0.198242 0.995117
vt 0.198242 0.995117
vt 0.198242 0.995117
vt 0.198242 0.995117
vt 0.198242 0.995117
vt 0.198242 0.995117
vt 0.198242 0.995117
vt 0.198242 0.995117
vt 0.198242 0.995117
vt 0.198242 0.995117
vt 0.198242 0.995117
vt 0.198242 0.995117
vt 0.198242 0.995117
vt 0.198242 0.995117
vt 0.198242 0.995117
vt 0.198242 0.995117
vt 0.198242 0.995117
vt 0.198242 0.995117
vt 0.198242 0.995117
vt 0.198242 0.995117
vt 0.198242 0.995117
vt 0.198242 0.995117
vt 0.198242 0.995117
vt 0.198242 0.995117
vt 0.198242 0.995117
vt 0.198242 0.995117
vt 0.198242 0.995117
vt 0.198242 0.995117
vt 0.198242 0.995117
vt 0.198242 0.995117
vt 0.198242 0.995117
vt 0.198242 0.995117
vt 0.198242 0.995117
vt 0.198242 0.995117
vt 0.198242 0.995117
vt 0.198242 0.995117
vt 0.198242 0.995117
vt 0.198242 0.995117
vt 0.198242 0.995117
vt 0.198242 0.995117
vt 0.198242 0.995117
vt 0.198242 0.995117
vt 0.198242 0.995117
vt 0.198242 0.995117
vt 0.198242 0.995117
vt 0.198242 0.995117
vt 0.198242 0.995117
vt 0.198242 0.995117
vt 0.198242 0.995117
vt 0.198242 0.995117
vt 0.198242 0.995117
vt 0.198242 0.995117
vt 0.198242 0.995117
vt 0.198242 0.995117
vt 0.198242 0.995117
vt 0.198242 0.995117
vt 0.198242 0.995117
vt 0.198242 0.995117
vt 0.198242 0.995117
vt 0.198242 0.995117
vt 0.198242 0.995117
vt 0.198242 0.995117
vt 0.198242 0.995117
vt 0.198242 0.995117
vt 0.198242 0.995117
vt 0.198242 0.995117
vt 0.198242 0.995117
vt 0.198242 0.995117
vt 0.198242 0.995117
vt 0.198242 0.995117
vt 0.198242 0.995117
vt 0.198242 0.995117
vt 0.198242 0.995117
vt 0.198242 0.995117
vt 0.198242 0.995117
vt 0.198242 0.995117
vt 0.198242 0.995117
vt 0.198242 0.995117
vt 0.198242 0.995117
vt 0.198242 0.995117
vt 0.198242 0.995117
vt 0.198242 0.995117
vt 0.198242 0.995117
vt 0.198242 0.995117
vt 0.198242 0.995117
vt 0.198242 0.995117
vt 0.198242 0.995117
vt 0.198242 0.995117
vt 0.198242 0.995117
vt 0.198242 0.995117
vt 0.198242 0.995117
vt 0.198242 0.995117
vt 0.198242 0.995117
vt 0.198242 0.995117
vt 0.198242 0.995117
vt 0.198242 0.995117
vt 0.198242 0.995117
vt 0.198242 0.995117
vt 0.198242 0.995117
vt 0.198242 0.995117
vt 0.198242 0.995117
vt 0.198242 0.995117
vt 0.198242 0.995117
vt 0.198242 0.995117
vt 0.198242 0.995117
vt 0.198242 0.995117
vt 0.198242 0.995117
vt 0.198242 0.995117
vt 0.198242 0.995117
vt 0.198242 0.995117
vt 0.198242 0.995117
vt 0.198242 0.995117
vt 0.198242 0.995117
vt 0.198242 0.995117
vt 0.198242 0.995117
vt 0.198242 0.995117
vt 0.198242 0.995117
vt 0.198242 0.995117
vt 0.198242 0.995117
vt 0.198242 0.995117
vt 0.198242 0.995117
vt 0.198242 0.995117
vt 0.198242 0.995117
vt 0.198242 0.995117
vt 0.198242 0.995117
vt 0.198242 0.995117
vt 0.198242 0.995117
vt 0.198242 0.995117
vt 0.198242 0.995117
vt 0.198242 0.995117
vt 0.198242 0.995117
vt 0.198242 0.995117
vt 0.198242 0.995117
vt 0.198242 0.995117
vt 0.198242 0.995117
vt 0.198242 0.995117
vt 0.198242 0.995117
vt 0.198242 0.995117
vt 0.198242 0.995117
vt 0.198242 0.995117
vt 0.198242 0.995117
vt 0.198242 0.995117
vt 0.198242 0.995117
vt 0.198242 0.995117
vt 0.198242 0.995117
vt 0.198242 0.995117
vt 0.198242 0.995117
vt 0.198242 0.995117
vt 0.198242 0.995117
vt 0.198242 0.995117
vt 0.198242 0.995117
vt 0.198242 0.995117
vt 0.198242 0.995117
vt 0.198242 0.995117
vt 0.198242 0.995117
vt 0.198242 0.995117
vt 0.198242 0.995117
vt 0.198242 0.995117
vt 0.198242 0.995117
vt 0.198242 0.995117
vt 0.198242 0.995117
vt 0.198242 0.995117
vt 0.198242 0.995117
vt 0.198242 0.995117
vt 0.198242 0.995117
vt 0.198242 0.995117
vt 0.198242 0.995117
vt 0.198242 0.995117
vt 0.198242 0.995117
vt 0.198242 0.995117
vt 0.198242 0.995117
vt 0.198242 0.995117
vt 0.198242 0.995117
vt 0.198242 0.995117
vt 0.198242 0.995117
vt 0.198242 0.995117
vt 0.198242 0.995117
vt 0.198242 0.995117
vt 0.198242 0.995117
vt 0.198242 0.995117
vt 0.198242 0.995117
vt 0.198242 0.995117
vt 0.198242 0.995117
vt 0.198242 0.995117
vt 0.198242 0.995117
vt 0.198242 0.995117
vt 0.198242 0.995117
vt 0.198242 0.995117
vt 0.198242 0.995117
vt 0.198242 0.995117
vt 0.198242 0.995117
vt 0.198242 0.995117
vt 0.198242 0.995117
vt 0.198242 0.995117
vt 0.198242 0.995117
vt 0.198242 0.995117
vt 0.198242 0.995117
vt 0.198242 0.995117
vt 0.198242 0.995117
vt 0.198242 0.995117
vt 0.198242 0.995117
vt 0.198242 0.995117
vt 0.198242 0.995117
vt 0.198242 0.995117
vt 0.198242 0.995117
vt 0.198242 0.995117
vt 0.198242 0.995117
vt 0.198242 0.995117
vt 0.198242 0.995117
vt 0.198242 0.995117
vt 0.198242 0.995117
vt 0.198242 0.995117
vt 0.198242 0.995117
vt 0.198242 0.995117
vt 0.198242 0.995117
vt 0.198242 0.995117
vt 0.198242 0.995117
vt 0.198242 0.995117
vt 0.198242 0.995117
vt 0.198242 0.995117
vt 0.198242 0.995117
vt 0.198242 0.995117
vt 0.198242 0.995117
vt 0.198242 0.995117
vt 0.198242 0.995117
vt 0.198242 0.995117
vt 0.198242 0.995117
vt 0.198242 0.995117
vt 0.198242 0.995117
vt 0.198242 0.995117
vt 0.198242 0.995117
vt 0.198242 0.995117
vt 0.198242 0.995117
vt 0.198242 0.995117
vt 0.198242 0.995117
vt 0.198242 0.995117
vt 0.198242 0.995117
vt 0.198242 0.995117
vt 0.198242 0.995117
vt 0.198242 0.995117
vt 0.198242 0.995117
vt 0.198242 0.995117
vt 0.198242 0.995117
vt 0.198242 0.995117
vt 0.198242 0.995117
vt 0.198242 0.995117
vt 0.198242 0.995117
vt 0.198242 0.995117
vt 0.198242 0.995117
vt 0.198242 0.995117
vt 0.198242 0.995117
vt 0.198242 0.995117
vt 0.198242 0.995117
vt 0.198242 0.995117
vt 0.198242 0.995117
vt 0.198242 0.995117
vt 0.198242 0.995117
vt 0.198242 0.995117
vt 0.198242 0.995117
vt 0.198242 0.995117
vt 0.198242 0.995117
vt 0.198242 0.995117
vt 0.198242 0.995117
vt 0.198242 0.995117
vt 0.198242 0.995117
vt 0.198242 0.995117
vt 0.198242 0.995117
vt 0.198242 0.995117
vt 0.198242 0.995117
vt 0.198242 0.995117
vt 0.198242 0.995117
vt 0.198242 0.995117
vt 0.198242 0.995117
vt 0.198242 0.995117
vt 0.198242 0.995117
vt 0.198242 0.995117
vt 0.198242 0.995117
vt 0.198242 0.995117
vt 0.198242 0.995117
vt 0.198242 0.995117
vt 0.198242 0.995117
vt 0.198242 0.995117
vt 0.198242 0.995117
vt 0.198242 0.995117
vt 0.198242 0.995117
vt 0.198242 0.995117
vt 0.198242 0.995117
vt 0.198242 0.995117
vt 0.198242 0.995117
vt 0.198242 0.995117
vt 0.198242 0.995117
vt 0.198242 0.995117
vt 0.198242 0.995117
vt 0.198242 0.995117
vt 0.198242 0.995117
vt 0.198242 0.995117
vt 0.198242 0.995117
vt 0.198242 0.995117
vt 0.198242 0.995117
vt 0.198242 0.995117
vt 0.198242 0.995117
vt 0.198242 0.995117
vt 0.198242 0.995117
vt 0.198242 0.995117
vt 0.198242 0.995117
vt 0.198242 0.995117
vt 0.198242 0.995117
vt 0.198242 0.995117
vt 0.198242 0.995117
vt 0.198242 0.995117
vt 0.198242 0.995117
vt 0.198242 0.995117
vt 0.198242 0.995117
vt 0.198242 0.995117
vt 0.198242 0.995117
vt 0.198242 0.995117
vt 0.198242 0.995117
vt 0.198242 0.995117
vt 0.198242 0.995117
vt 0.198242 0.995117
vt 0.198242 0.995117
vt 0.198242 0.995117
vt 0.198242 0.995117
vt 0.198242 0.995117
vt 0.198242 0.995117
vt 0.198242 0.995117
vt 0.198242 0.995117
vt 0.198242 0.995117
vt 0.198242 0.995117
vt 0.198242 0.995117
vt 0.198242 0.995117
vt 0.198242 0.995117
vt 0.198242 0.995117
vt 0.198242 0.995117
vt 0.198242 0.995117
vt 0.198242 0.995117
vt 0.198242 0.995117
vt 0.198242 0.995117
vt 0.198242 0.995117
vt 0.198242 0.995117
vt 0.198242 0.995117
vt 0.198242 0.995117
vt 0.198242 0.995117
vt 0.198242 0.995117
vt 0.198242 0.995117
vt 0.198242 0.995117
vt 0.198242 0.995117
vt 0.198242 0.995117
vt 0.198242 0.995117
vt 0.198242 0.995117
vt 0.198242 0.995117
vt 0.198242 0.995117
vt 0.198242 0.995117
vt 0.198242 0.995117
vt 0.198242 0.995117
vt 0.198242 0.995117
vt 0.198242 0.995117
vt 0.198242 0.995117
vt 0.198242 0.995117
vt 0.198242 0.995117
vt 0.198242 0.995117
vt 0.198242 0.995117
vt 0.198242 0.995117
vt 0.198242 0.995117
vt 0.198242 0.995117
vt 0.198242 0.995117
vt 0.198242 0.995117
vt 0.198242 0.995117
vt 0.198242 0.995117
vt 0.198242 0.995117
vt 0.198242 0.995117
vt 0.198242 0.995117
vt 0.198242 0.995117
vt 0.198242 0.995117
vt 0.198242 0.995117
vt 0.198242 0.995117
vt 0.198242 0.995117
vt 0.198242 0.995117
vt 0.198242 0.995117
vt 0.198242 0.995117
vt 0.198242 0.995117
vt 0.198242 0.995117
vt 0.198242 0.995117
vt 0.198242 0.995117
vt 0.198242 0.995117
vt 0.198242 0.995117
vt 0.198242 0.995117
vt 0.198242 0.995117
vt 0.198242 0.995117
vt 0.198242 0.995117
vt 0.198242 0.995117
vt 0.198242 0.995117
vt 0.198242 0.995117
vt 0.198242 0.995117
vt 0.198242 0.995117
vt 0.198242 0.995117
vt 0.198242 0.995117
vt 0.198242 0.995117
vt 0.198242 0.995117
vt 0.198242 0.995117
vt 0.198242 0.995117
vt 0.198242 0.995117
vt 0.198242 0.995117
vt 0.198242 0.995117
vt 0.198242 0.995117
vt 0.198242 0.995117
vt 0.198242 0.995117
vt 0.198242 0.995117
vt 0.198242 0.995117
vt 0.198242 0.995117
vt 0.198242 0.995117
vt 0.198242 0.995117
vt 0.198242 0.995117
vt 0.198242 0.995117
vt 0.198242 0.995117
vt 0.198242 0.995117
vt 0.198242 0.995117
vt 0.198242 0.995117
vt 0.198242 0.995117
vt 0.198242 0.995117
vt 0.198242 0.995117
vt 0.198242 0.995117
vt 0.198242 0.995117
vt 0.198242 0.995117
vt 0.198242 0.995117
vt 0.198242 0.995117
vt 0.198242 0.995117
vt 0.198242 0.995117
vt 0.198242 0.995117
vt 0.198242 0.995117
vt 0.198242 0.995117
vt 0.198242 0.995117
vt 0.198242 0.995117
vt 0.198242 0.995117
vt 0.198242 0.995117
vt 0.198242 0.995117
vt 0.198242 0.995117
vt 0.198242 0.995117
vt 0.198242 0.995117
vt 0.198242 0.995117
vt 0.198242 0.995117
vt 0.198242 0.995117
vt 0.198242 0.995117
vt 0.198242 0.995117
vt 0.198242 0.995117
vt 0.198242 0.995117
vt 0.198242 0.995117
vt 0.198242 0.995117
vt 0.198242 0.995117
vt 0.198242 0.995117
vt 0.198242 0.995117
vt 0.198242 0.995117
vt 0.198242 0.995117
vt 0.198242 0.995117
vt 0.198242 0.995117
vt 0.198242 0.995117
vt 0.198242 0.995117
vt 0.198242 0.995117
vt 0.198242 0.995117
vt 0.198242 0.995117
vt 0.198242 0.995117
vt 0.198242 0.995117
vt 0.198242 0.995117
vt 0.198242 0.995117
vt 0.198242 0.995117
vt 0.198242 0.995117
vt 0.198242 0.995117
vt 0.198242 0.995117
vt 0.198242 0.995117
vt 0.198242 0.995117
vt 0.198242 0.995117
vt 0.198242 0.995117
vt 0.198242 0.995117
vt 0.198242 0.995117
vt 0.198242 0.995117
vt 0.198242 0.995117
vt 0.198242 0.995117
vt 0.198242 0.995117
vt 0.198242 0.995117
vt 0.198242 0.995117
vt 0.198242 0.995117
vt 0.198242 0.995117
vt 0.198242 0.995117
vt 0.198242 0.995117
vt 0.198242 0.995117
vt 0.198242 0.995117
vt 0.198242 0.995117
vt 0.198242 0.995117
vt 0.198242 0.995117
vt 0.198242 0.995117
vt 0.198242 0.995117
vt 0.198242 0.995117
vt 0.198242 0.995117
vt 0.198242 0.995117
vt 0.198242 0.995117
vt 0.198242 0.995117
vt 0.198242 0.995117
vt 0.198242 0.995117
vt 0.198242 0.995117
vt 0.198242 0.995117
vt 0.198242 0.995117
vt 0.198242 0.995117
vt 0.198242 0.995117
vt 0.198242 0.995117
vt 0.198242 0.995117
vt 0.198242 0.995117
vt 0.198242 0.995117
vt 0.198242 0.995117
vt 0.198242 0.995117
vt 0.198242 0.995117
vt 0.198242 0.995117
vt 0.198242 0.995117
vt 0.198242 0.995117
vt 0.198242 0.995117
vt 0.198242 0.995117
vt 0.198242 0.995117
vt 0.198242 0.995117
vt 0.198242 0.995117
vt 0.198242 0.995117
vt 0.198242 0.995117
vt 0.198242 0.995117
vt 0.198242 0.995117
vt 0.198242 0.995117
vt 0.198242 0.995117
vt 0.198242 0.995117
vt 0.198242 0.995117
vt 0.198242 0.995117
vt 0.198242 0.995117
vt 0.198242 0.995117
vt 0.198242 0.995117
vt 0.198242 0.995117
vt 0.198242 0.995117
vt 0.198242 0.995117
vt 0.198242 0.995117
vt 0.198242 0.995117
vt 0.198242 0.995117
vt 0.198242 0.995117
vt 0.198242 0.995117
vt 0.198242 0.995117
vt 0.198242 0.995117
vt 0.198242 0.995117
vt 0.198242 0.995117
vt 0.198242 0.995117
vt 0.198242 0.995117
vt 0.198242 0.995117
vt 0.198242 0.995117
vt 0.198242 0.995117
vt 0.198242 0.995117
vt 0.198242 0.995117
vt 0.198242 0.995117
vt 0.198242 0.995117
vt 0.198242 0.995117
vt 0.198242 0.995117
vt 0.198242 0.995117
vt 0.198242 0.995117
vt 0.198242 0.995117
vt 0.198242 0.995117
vt 0.198242 0.995117
vt 0.198242 0.995117
vt 0.198242 0.995117
vt 0.198242 0.995117
vt 0.198242 0.995117
vt 0.198242 0.995117
vt 0.198242 0.995117
vt 0.198242 0.995117
vt 0.198242 0.995117
vt 0.198242 0.995117
vt 0.198242 0.995117
vt 0.198242 0.995117
vt 0.198242 0.995117
vt 0.198242 0.995117
vt 0.198242 0.995117
vt 0.198242 0.995117
vt 0.198242 0.995117
vt 0.198242 0.995117
vt 0.198242 0.995117
vt 0.198242 0.995117
vt 0.198242 0.995117
vt 0.198242 0.995117
vt 0.198242 0.995117
vt 0.198242 0.995117
vt 0.198242 0.995117
vt 0.198242 0.995117
vt 0.198242 0.995117
vt 0.198242 0.995117
vt 0.198242 0.995117
vt 0.198242 0.995117
vt 0.198242 0.995117
vt 0.198242 0.995117
vt 0.198242 0.995117
vt 0.198242 0.995117
vt 0.198242 0.995117
vt 0.198242 0.995117
vt 0.198242 0.995117
vt 0.198242 0.995117
vt 0.198242 0.995117
vt 0.198242 0.995117
vt 0.198242 0.995117
vt 0.198242 0.995117
vt 0.198242 0.995117
vt 0.198242 0.995117
vt 0.198242 0.995117
vt 0.198242 0.995117
vt 0.198242 0.995117
vt 0.198242 0.995117
vt 0.198242 0.995117
vt 0.198242 0.995117
vt 0.198242 0.995117
vt 0.198242 0.995117
vt 0.198242 0.995117
vt 0.198242 0.995117
vt 0.198242 0.995117
vt 0.198242 0.995117
vt 0.198242 0.995117
vt 0.198242 0.995117
vt 0.198242 0.995117
vt 0.198242 0.995117
vt 0.198242 0.995117
vt 0.198242 0.995117
vt 0.198242 0.995117
vt 0.198242 0.995117
vt 0.198242 0.995117
vt 0.198242 0.995117
vt 0.198242 0.995117
vt 0.198242 0.995117
vt 0.198242 0.995117
vt 0.198242 0.995117
vt 0.198242 0.995117
vt 0.198242 0.995117
vt 0.198242 0.995117
vt 0.198242 0.995117
vt 0.198242 0.995117
vt 0.198242 0.995117
vt 0.198242 0.995117
vt 0.198242 0.995117
vt 0.198242 0.995117
vt 0.198242 0.995117
vt 0.198242 0.995117
vt 0.198242 0.995117
vt 0.198242 0.995117
vt 0.198242 0.995117
vt 0.198242 0.995117
vt 0.198242 0.995117
vt 0.198242 0.995117
vt 0.198242 0.995117
vt 0.198242 0.995117
vt 0.198242 0.995117
vt 0.198242 0.995117
vt 0.198242 0.995117
vt 0.198242 0.995117
vt 0.198242 0.995117
vt 0.198242 0.995117
vt 0.198242 0.995117
vt 0.198242 0.995117
vt 0.198242 0.995117
vt 0.198242 0.995117
vt 0.198242 0.995117
vt 0.198242 0.995117
vt 0.198242 0.995117
vt 0.198242 0.995117
vt 0.198242 0.995117
vt 0.198242 0.995117
vt 0.198242 0.995117
vt 0.198242 0.995117
vt 0.198242 0.995117
vt 0.198242 0.995117
vt 0.198242 0.995117
vt 0.198242 0.995117
vt 0.198242 0.995117
vt 0.198242 0.995117
vt 0.198242 0.995117
vt 0.198242 0.995117
vt 0.198242 0.995117
vt 0.198242 0.995117
vt 0.198242 0.995117
vt 0.198242 0.995117
vt 0.198242 0.995117
vt 0.198242 0.995117
vt 0.198242 0.995117
vt 0.198242 0.995117
vt 0.198242 0.995117
vt 0.198242 0.995117
vt 0.198242 0.995117
vt 0.198242 0.995117
vt 0.198242 0.995117
vt 0.198242 0.995117
vt 0.198242 0.995117
vt 0.198242 0.995117
vt 0.198242 0.995117
vt 0.198242 0.995117
vt 0.198242 0.995117
vt 0.198242 0.995117
vt 0.198242 0.995117
vt 0.198242 0.995117
vt 0.198242 0.995117
vt 0.198242 0.995117
vt 0.198242 0.995117
vt 0.198242 0.995117
vt 0.198242 0.995117
vt 0.198242 0.995117
vt 0.198242 0.995117
vt 0.198242 0.995117
vt 0.198242 0.995117
vt 0.198242 0.995117
vt 0.198242 0.995117
vt 0.198242 0.995117
vt 0.198242 0.995117
vt 0.198242 0.995117
vt 0.198242 0.995117
vt 0.198242 0.995117
vt 0.198242 0.995117
vt 0.198242 0.995117
vt 0.198242 0.995117
vt 0.198242 0.995117
vt 0.198242 0.995117
vt 0.198242 0.995117
vt 0.198242 0.995117
vt 0.198242 0.995117
vt 0.198242 0.995117
vt 0.198242 0.995117
vt 0.198242 0.995117
vt 0.198242 0.995117
vt 0.198242 0.995117
vt 0.198242 0.995117
vt 0.198242 0.995117
vt 0.198242 0.995117
vt 0.198242 0.995117
vt 0.198242 0.995117
vt 0.198242 0.995117
vt 0.198242 0.995117
vt 0.198242 0.995117
vt 0.198242 0.995117
vt 0.198242 0.995117
vt 0.198242 0.995117
vt 0.198242 0.995117
vt 0.198242 0.995117
vt 0.198242 0.995117
vt 0.198242 0.995117
vt 0.198242 0.995117
vt 0.198242 0.995117
vt 0.198242 0.995117
vt 0.198242 0.995117
vt 0.198242 0.995117
vt 0.198242 0.995117
vt 0.198242 0.995117
vt 0.198242 0.995117
vt 0.198242 0.995117
vt 0.198242 0.995117
vt 0.198242 0.995117
vt 0.198242 0.995117
vt 0.198242 0.995117
vt 0.198242 0.995117
vt 0.198242 0.995117
vt 0.198242 0.995117
vt 0.198242 0.995117
vt 0.198242 0.995117
vt 0.198242 0.995117
vt 0.198242 0.995117
vt 0.198242 0.995117
vt 0.198242 0.995117
vt 0.198242 0.995117
vt 0.198242 0.995117
vt 0.198242 0.995117
vt 0.198242 0.995117
vt 0.198242 0.995117
vt 0.198242 0.995117
vt 0.198242 0.995117
vt 0.198242 0.995117
vt 0.198242 0.995117
vt 0.198242 0.995117
vt 0.198242 0.995117
vt 0.198242 0.995117
vt 0.198242 0.995117
vt 0.198242 0.995117
vt 0.198242 0.995117
vt 0.198242 0.995117
vt 0.198242 0.995117
vt 0.198242 0.995117
vt 0.198242 0.995117
vt 0.198242 0.995117
vt 0.198242 0.995117
vt 0.198242 0.995117
vt 0.198242 0.995117
vt 0.198242 0.995117
vt 0.198242 0.995117
vt 0.198242 0.995117
vt 0.198242 0.995117
vt 0.198242 0.995117
vt 0.198242 0.995117
vt 0.198242 0.995117
vt 0.198242 0.995117
vt 0.198242 0.995117
vt 0.198242 0.995117
vt 0.198242 0.995117
vt 0.198242 0.995117
vt 0.198242 0.995117
vt 0.198242 0.995117
vt 0.198242 0.995117
vt 0.198242 0.995117
vt 0.198242 0.995117
vt 0.198242 0.995117
vt 0.198242 0.995117
vt 0.198242 0.995117
vt 0.198242 0.995117
vt 0.198242 0.995117
vt 0.198242 0.995117
vt 0.198242 0.995117
vt 0.198242 0.995117
vt 0.198242 0.995117
vt 0.198242 0.995117
vt 0.198242 0.995117
vt 0.198242 0.995117
vt 0.198242 0.995117
vt 0.198242 0.995117
vt 0.198242 0.995117
vt 0.198242 0.995117
vt 0.198242 0.995117
vt 0.198242 0.995117
vt 0.198242 0.995117
vt 0.198242 0.995117
vt 0.198242 0.995117
vt 0.198242 0.995117
vt 0.198242 0.995117
vt 0.198242 0.995117
vt 0.198242 0.995117
vt 0.198242 0.995117
vt 0.198242 0.995117
vt 0.198242 0.995117
vt 0.198242 0.995117
vt 0.198242 0.995117
vt 0.198242 0.995117
vt 0.198242 0.995117
vt 0.198242 0.995117
vt 0.198242 0.995117
vt 0.198242 0.995117
vt 0.198242 0.995117
vt 0.198242 0.995117
vt 0.198242 0.995117
vt 0.198242 0.995117
vt 0.198242 0.995117
vt 0.198242 0.995117
vt 0.198242 0.995117
vt 0.198242 0.995117
vt 0.198242 0.995117
vt 0.198242 0.995117
vt 0.198242 0.995117
vt 0.198242 0.995117
vt 0.198242 0.995117
vt 0.198242 0.995117
vt 0.198242 0.995117
vt 0.198242 0.995117
vt 0.198242 0.995117
vt 0.198242 0.995117
vt 0.198242 0.995117
vt 0.198242 0.995117
vt 0.198242 0.995117
vt 0.198242 0.995117
vt 0.198242 0.995117
vt 0.198242 0.995117
vt 0.198242 0.995117
vt 0.198242 0.995117
vt 0.198242 0.995117
vt 0.198242 0.995117
vt 0.198242 0.995117
vt 0.198242 0.995117
vt 0.198242 0.995117
vt 0.198242 0.995117
vt 0.198242 0.995117
vt 0.198242 0.995117
vt 0.198242 0.995117
vt 0.198242 0.995117
vt 0.198242 0.995117
vt 0.198242 0.995117
vt 0.198242 0.995117
vt 0.198242 0.995117
vt 0.198242 0.995117
vt 0.198242 0.995117
vt 0.198242 0.995117
vt 0.198242 0.995117
vt 0.198242 0.995117
vt 0.198242 0.995117
vt 0.198242 0.995117
vt 0.198242 0.995117
vt 0.198242 0.995117
vt 0.198242 0.995117
vt 0.198242 0.995117
vt 0.198242 0.995117
vt 0.198242 0.995117
vt 0.198242 0.995117
vt 0.198242 0.995117
vt 0.198242 0.995117
vt 0.198242 0.995117
vt 0.198242 0.995117
vt 0.198242 0.995117
vt 0.198242 0.995117
vt 0.198242 0.995117
vt 0.198242 0.995117
vt 0.198242 0.995117
vt 0.198242 0.995117
vt 0.198242 0.995117
vt 0.198242 0.995117
vt 0.198242 0.995117
vt 0.198242 0.995117
vt 0.198242 0.995117
vt 0.198242 0.995117
vt 0.198242 0.995117
vt 0.198242 0.995117
vt 0.198242 0.995117
vt 0.198242 0.995117
vt 0.198242 0.995117
vt 0.198242 0.995117
vt 0.198242 0.995117
vt 0.198242 0.995117
vt 0.198242 0.995117
vt 0.198242 0.995117
vt 0.198242 0.995117
vt 0.198242 0.995117
vt 0.198242 0.995117
vt 0.198242 0.995117
vt 0.198242 0.995117
vt 0.198242 0.995117
vt 0.198242 0.995117
vt 0.198242 0.995117
vt 0.198242 0.995117
vt 0.198242 0.995117
vt 0.198242 0.995117
vt 0.198242 0.995117
vt 0.198242 0.995117
vt 0.198242 0.995117
vt 0.198242 0.995117
vt 0.198242 0.995117
vt 0.198242 0.995117
vt 0.198242 0.995117
vt 0.198242 0.995117
vt 0.198242 0.995117
vt 0.198242 0.995117
vt 0.198242 0.995117
vt 0.198242 0.995117
vt 0.198242 0.995117
vt 0.198242 0.995117
vt 0.198242 0.995117
vt 0.198242 0.995117
vt 0.198242 0.995117
vt 0.198242 0.995117
vt 0.198242 0.995117
vt 0.198242 0.995117
vt 0.198242 0.995117
vt 0.198242 0.995117
vt 0.198242 0.995117
vt 0.198242 0.995117
vt 0.198242 0.995117
vt 0.198242 0.995117
vt 0.198242 0.995117
vt 0.198242 0.995117
vt 0.198242 0.995117
vt 0.198242 0.995117
vt 0.198242 0.995117
vt 0.198242 0.995117
vt 0.198242 0.995117
vt 0.198242 0.995117
vt 0.198242 0.995117
vt 0.198242 0.995117
vt 0.198242 0.995117
vt 0.198242 0.995117
vt 0.198242 0.995117
vt 0.198242 0.995117
vt 0.198242 0.995117
vt 0.198242 0.995117
vt 0.198242 0.995117
vt 0.198242 0.995117
vt 0.198242 0.995117
vt 0.198242 0.995117
vt 0.198242 0.995117
vt 0.198242 0.995117
vt 0.198242 0.995117
vt 0.198242 0.995117
vt 0.198242 0.995117
vt 0.198242 0.995117
vt 0.198242 0.995117
vt 0.198242 0.995117
vt 0.198242 0.995117
vt 0.198242 0.995117
vt 0.198242 0.995117
vt 0.198242 0.995117
vt 0.198242 0.995117
vt 0.198242 0.995117
vt 0.198242 0.995117
vt 0.198242 0.995117
vt 0.198242 0.995117
vt 0.198242 0.995117
vt 0.198242 0.995117
vt 0.198242 0.995117
vt 0.198242 0.995117
vt 0.198242 0.995117
vt 0.198242 0.995117
vt 0.198242 0.995117
vt 0.198242 0.995117
vt 0.198242 0.995117
vt 0.198242 0.995117
vt 0.198242 0.995117
vt 0.198242 0.995117
vt 0.198242 0.995117
vt 0.198242 0.995117
vt 0.198242 0.995117
vt 0.198242 0.995117
vt 0.198242 0.995117
vt 0.198242 0.995117
vt 0.198242 0.995117
vt 0.198242 0.995117
vt 0.198242 0.995117
vt 0.198242 0.995117
vt 0.198242 0.995117
vt 0.198242 0.995117
vt 0.198242 0.995117
vt 0.198242 0.995117
vt 0.198242 0.995117
vt 0.198242 0.995117
vt 0.198242 0.995117
vt 0.198242 0.995117
vt 0.198242 0.995117
vt 0.198242 0.995117
vt 0.198242 0.995117
vt 0.198242 0.995117
vt 0.198242 0.995117
vt 0.198242 0.995117
vt 0.198242 0.995117
vt 0.198242 0.995117
vt 0.198242 0.995117
vt 0.198242 0.995117
vt 0.198242 0.995117
vt 0.198242 0.995117
vt 0.198242 0.995117
vt 0.198242 0.995117
vt 0.198242 0.995117
vt 0.198242 0.995117
vt 0.198242 0.995117
vt 0.198242 0.995117
vt 0.198242 0.995117
vt 0.198242 0.995117
vt 0.198242 0.995117
vt 0.198242 0.995117
vt 0.198242 0.995117
vt 0.198242 0.995117
vt 0.198242 0.995117
vt 0.198242 0.995117
vt 0.198242 0.995117
vt 0.198242 0.995117
vt 0.198242 0.995117
vt 0.198242 0.995117
vt 0.198242 0.995117
vt 0.198242 0.995117
vt 0.198242 0.995117
vt 0.198242 0.995117
vt 0.198242 0.995117
vt 0.198242 0.995117
vt 0.198242 0.995117
vt 0.198242 0.995117
vt 0.198242 0.995117
vt 0.198242 0.995117
vt 0.198242 0.995117
vt 0.198242 0.995117
vt 0.198242 0.995117
vt 0.198242 0.995117
vt 0.198242 0.995117
vt 0.198242 0.995117
vt 0.198242 0.995117
vt 0.198242 0.995117
vt 0.198242 0.995117
vt 0.198242 0.995117
vt 0.198242 0.995117
vt 0.198242 0.995117
vt 0.198242 0.995117
vt 0.198242 0.995117
vt 0.198242 0.995117
vt 0.198242 0.995117
vt 0.198242 0.995117
vt 0.198242 0.995117
vt 0.198242 0.995117
vt 0.198242 0.995117
vt 0.198242 0.995117
vt 0.198242 0.995117
vt 0.198242 0.995117
vt 0.198242 0.995117
vt 0.198242 0.995117
vt 0.198242 0.995117
vt 0.198242 0.995117
vt 0.198242 0.995117
vt 0.198242 0.995117
vt 0.198242 0.995117
vt 0.198242 0.995117
vt 0.198242 0.995117
vt 0.198242 0.995117
vt 0.198242 0.995117
vt 0.198242 0.995117
vt 0.198242 0.995117
vt 0.198242 0.995117
vt 0.198242 0.995117
vt 0.198242 0.995117
vt 0.198242 0.995117
vt 0.198242 0.995117
vt 0.198242 0.995117
vt 0.198242 0.995117
vt 0.198242 0.995117
vt 0.198242 0.995117
vt 0.198242 0.995117
vt 0.198242 0.995117
vt 0.198242 0.995117
vt 0.198242 0.995117
vt 0.198242 0.995117
vt 0.198242 0.995117
vt 0.198242 0.995117
vt 0.198242 0.995117
vt 0.198242 0.995117
vt 0.198242 0.995117
vt 0.198242 0.995117
vt 0.198242 0.995117
vt 0.198242 0.995117
vt 0.198242 0.995117
vt 0.198242 0.995117
vt 0.198242 0.995117
vt 0.198242 0.995117
vt 0.198242 0.995117
vt 0.198242 0.995117
vt 0.198242 0.995117
vt 0.198242 0.995117
vt 0.198242 0.995117
vt 0.198242 0.995117
vt 0.198242 0.995117
vt 0.198242 0.995117
vt 0.198242 0.995117
vt 0.198242 0.995117
vt 0.198242 0.995117
vt 0.198242 0.995117
vt 0.198242 0.995117
vt 0.198242 0.995117
vt 0.198242 0.995117
vt 0.198242 0.995117
vt 0.198242 0.995117
vt 0.198242 0.995117
vt 0.198242 0.995117
vt 0.198242 0.995117
vt 0.198242 0.995117
vt 0.198242 0.995117
vt 0.198242 0.995117
vt 0.198242 0.995117
vt 0.198242 0.995117
vt 0.198242 0.995117
vt 0.198242 0.995117
vt 0.198242 0.995117
vt 0.198242 0.995117
vt 0.198242 0.995117
vt 0.198242 0.995117
vt 0.198242 0.995117
vt 0.198242 0.995117
vt 0.198242 0.995117
vt 0.198242 0.995117
vt 0.198242 0.995117
vt 0.198242 0.995117
vt 0.198242 0.995117
vt 0.198242 0.995117
vt 0.198242 0.995117
vt 0.198242 0.995117
vt 0.198242 0.995117
vt 0.198242 0.995117
vt 0.198242 0.995117
vt 0.198242 0.995117
vt 0.198242 0.995117
vt 0.198242 0.995117
vt 0.198242 0.995117
vt 0.198242 0.995117
vt 0.198242 0.995117
vt 0.198242 0.995117
vt 0.198242 0.995117
vt 0.198242 0.995117
vt 0.198242 0.995117
vt 0.198242 0.995117
vt 0.198242 0.995117
vt 0.198242 0.995117
vt 0.198242 0.995117
vt 0.198242 0.995117
vt 0.198242 0.995117
vt 0.198242 0.995117
vt 0.198242 0.995117
vt 0.198242 0.995117
vt 0.198242 0.995117
vt 0.198242 0.995117
vt 0.198242 0.995117
vt 0.198242 0.995117
vt 0.198242 0.995117
vt 0.198242 0.995117
vt 0.198242 0.995117
vt 0.198242 0.995117
vt 0.198242 0.995117
vt 0.198242 0.995117
vt 0.198242 0.995117
vt 0.198242 0.995117
vt 0.198242 0.995117
vt 0.198242 0.995117
vt 0.198242 0.995117
vt 0.198242 0.995117
vt 0.198242 0.995117
vt 0.198242 0.995117
vt 0.198242 0.995117
vt 0.198242 0.995117
vt 0.198242 0.995117
vt 0.198242 0.995117
vt 0.198242 0.995117
vt 0.198242 0.995117
vt 0.198242 0.995117
vt 0.198242 0.995117
vt 0.198242 0.995117
vt 0.198242 0.995117
vt 0.198242 0.995117
vt 0.198242 0.995117
vt 0.198242 0.995117
vt 0.198242 0.995117
vt 0.198242 0.995117
vt 0.198242 0.995117
vt 0.198242 0.995117
vt 0.198242 0.995117
vt 0.198242 0.995117
vt 0.198242 0.995117
vt 0.198242 0.995117
vt 0.198242 0.995117
vt 0.198242 0.995117
vt 0.198242 0.995117
vt 0.198242 0.995117
vt 0.198242 0.995117
vt 0.198242 0.995117
vt 0.198242 0.995117
vt 0.198242 0.995117
vt 0.198242 0.995117
vt 0.198242 0.995117
vt 0.198242 0.995117
vt 0.198242 0.995117
vt 0.198242 0.995117
vt 0.198242 0.995117
vt 0.198242 0.995117
vt 0.198242 0.995117
vt 0.198242 0.995117
vt 0.198242 0.995117
vt 0.198242 0.995117
vt 0.198242 0.995117
vt 0.198242 0.995117
vt 0.198242 0.995117
vt 0.198242 0.995117
vt 0.198242 0.995117
vt 0.198242 0.995117
vt 0.198242 0.995117
vt 0.198242 0.995117
vt 0.198242 0.995117
vt 0.198242 0.995117
vt 0.198242 0.995117
vt 0.198242 0.995117
vt 0.198242 0.995117
vt 0.198242 0.995117
vt 0.198242 0.995117
vt 0.198242 0.995117
vt 0.198242 0.995117
vt 0.198242 0.995117
vt 0.198242 0.995117
vt 0.198242 0.995117
vt 0.198242 0.995117
vt 0.198242 0.995117
vt 0.198242 0.995117
vt 0.198242 0.995117
vt 0.198242 0.995117
vt 0.198242 0.995117
vt 0.198242 0.995117
vt 0.198242 0.995117
vt 0.198242 0.995117
vt 0.198242 0.995117
vt 0.198242 0.995117
vt 0.198242 0.995117
vt 0.198242 0.995117
vt 0.198242 0.995117
vt 0.198242 0.995117
vt 0.198242 0.995117
vt 0.198242 0.995117
vt 0.198242 0.995117
vt 0.198242 0.995117
vt 0.198242 0.995117
vt 0.198242 0.995117
vt 0.198242 0.995117
vt 0.198242 0.995117
vt 0.198242 0.995117
vt 0.198242 0.995117
vt 0.198242 0.995117
vt 0.198242 0.995117
vt 0.198242 0.995117
vt 0.198242 0.995117
vt 0.198242 0.995117
vt 0.198242 0.995117
vt 0.198242 0.995117
vt 0.198242 0.995117
vt 0.198242 0.995117
vt 0.198242 0.995117
vt 0.198242 0.995117
vt 0.198242 0.995117
vt 0.198242 0.995117
vt 0.198242 0.995117
vt 0.198242 0.995117
vt 0.198242 0.995117
vt 0.198242 0.995117
vt 0.198242 0.995117
vt 0.198242 0.995117
vt 0.198242 0.995117
vt 0.198242 0.995117
vt 0.198242 0.995117
vt 0.198242 0.995117
vt 0.198242 0.995117
vt 0.198242 0.995117
vt 0.198242 0.995117
vt 0.198242 0.995117
vt 0.198242 0.995117
vt 0.198242 0.995117
vt 0.198242 0.995117
vt 0.198242 0.995117
vt 0.198242 0.995117
vt 0.198242 0.995117
vt 0.198242 0.995117
vt 0.198242 0.995117
vt 0.198242 0.995117
vt 0.198242 0.995117
vt 0.198242 0.995117
vt 0.198242 0.995117
vt 0.198242 0.995117
vt 0.198242 0.995117
vt 0.198242 0.995117
vt 0.198242 0.995117
vt 0.198242 0.995117
vt 0.198242 0.995117
vt 0.198242 0.995117
vt 0.198242 0.995117
vt 0.198242 0.995117
vt 0.198242 0.995117
vt 0.198242 0.995117
vt 0.198242 0.995117
vt 0.198242 0.995117
vt 0.198242 0.995117
vt 0.198242 0.995117
vt 0.198242 0.995117
vt 0.198242 0.995117
vt 0.198242 0.995117
vt 0.198242 0.995117
vt 0.198242 0.995117
vt 0.198242 0.995117
vt 0.198242 0.995117
vt 0.198242 0.995117
vt 0.198242 0.995117
vt 0.198242 0.995117
vt 0.198242 0.995117
vt 0.198242 0.995117
vt 0.198242 0.995117
vt 0.198242 0.995117
vt 0.198242 0.995117
vt 0.198242 0.995117
vt 0.198242 0.995117
vt 0.198242 0.995117
vt 0.198242 0.995117
vt 0.198242 0.995117
vt 0.198242 0.995117
vt 0.198242 0.995117
vt 0.198242 0.995117
vt 0.198242 0.995117
vt 0.198242 0.995117
vt 0.198242 0.995117
vt 0.198242 0.995117
vt 0.198242 0.995117
vt 0.198242 0.995117
vt 0.198242 0.995117
vt 0.198242 0.995117
vt 0.198242 0.995117
vt 0.198242 0.995117
vt 0.198242 0.995117
vt 0.198242 0.995117
vt 0.198242 0.995117
vt 0.198242 0.995117
vt 0.198242 0.995117
vt 0.198242 0.995117
vt 0.198242 0.995117
vt 0.198242 0.995117
vt 0.198242 0.995117
vt 0.198242 0.995117
vt 0.198242 0.995117
vt 0.198242 0.995117
vt 0.198242 0.995117
vt 0.198242 0.995117
vt 0.198242 0.995117
vt 0.198242 0.995117
vt 0.198242 0.995117
vt 0.198242 0.995117
vt 0.198242 0.995117
vt 0.198242 0.995117
vt 0.198242 0.995117
vt 0.198242 0.995117
vt 0.198242 0.995117
vt 0.198242 0.995117
vt 0.198242 0.995117
vt 0.198242 0.995117
vt 0.198242 0.995117
vt 0.198242 0.995117
vt 0.198242 0.995117
vt 0.198242 0.995117
vt 0.198242 0.995117
vt 0.198242 0.995117
vt 0.198242 0.995117
vt 0.198242 0.995117
vt 0.198242 0.995117
vt 0.198242 0.995117
vt 0.198242 0.995117
vt 0.198242 0.995117
vt 0.198242 0.995117
vt 0.198242 0.995117
vt 0.198242 0.995117
vt 0.198242 0.995117
vt 0.198242 0.995117
vt 0.198242 0.995117
vt 0.198242 0.995117
vt 0.198242 0.995117
vt 0.198242 0.995117
vt 0.198242 0.995117
vt 0.198242 0.995117
vt 0.198242 0.995117
vt 0.198242 0.995117
vt 0.198242 0.995117
vt 0.198242 0.995117
vt 0.198242 0.995117
vt 0.198242 0.995117
vt 0.198242 0.995117
vt 0.198242 0.995117
vt 0.198242 0.995117
vt 0.198242 0.995117
vt 0.198242 0.995117
vt 0.198242 0.995117
vt 0.198242 0.995117
vt 0.198242 0.995117
vt 0.198242 0.995117
vt 0.198242 0.995117
vt 0.198242 0.995117
vt 0.198242 0.995117
vt 0.198242 0.995117
vt 0.198242 0.995117
vt 0.198242 0.995117
vt 0.198242 0.995117
vt 0.198242 0.995117
vt 0.198242 0.995117
vt 0.198242 0.995117
vt 0.198242 0.995117
vt 0.198242 0.995117
vt 0.198242 0.995117
vt 0.198242 0.995117
vt 0.198242 0.995117
vt 0.198242 0.995117
vt 0.198242 0.995117
vt 0.198242 0.995117
vt 0.198242 0.995117
vt 0.198242 0.995117
vt 0.198242 0.995117
vt 0.198242 0.995117
vt 0.198242 0.995117
vt 0.198242 0.995117
vt 0.198242 0.995117
vt 0.198242 0.995117
vt 0.198242 0.995117
vt 0.198242 0.995117
vt 0.198242 0.995117
vt 0.198242 0.995117
vt 0.198242 0.995117
vt 0.198242 0.995117
vt 0.198242 0.995117
vt 0.198242 0.995117
vt 0.198242 0.995117
vt 0.198242 0.995117
vt 0.198242 0.995117
vt 0.198242 0.995117
vt 0.198242 0.995117
vt 0.198242 0.995117
vt 0.198242 0.995117
vt 0.198242 0.995117
vt 0.198242 0.995117
vt 0.198242 0.995117
vt 0.198242 0.995117
vt 0.198242 0.995117
vt 0.198242 0.995117
vt 0.198242 0.995117
vt 0.198242 0.995117
vt 0.198242 0.995117
vt 0.198242 0.995117
vt 0.198242 0.995117
vt 0.198242 0.995117
vt 0.198242 0.995117
vt 0.198242 0.995117
vt 0.198242 0.995117
vt 0.198242 0.995117
vt 0.198242 0.995117
vt 0.198242 0.995117
vt 0.198242 0.995117
vt 0.198242 0.995117
vt 0.198242 0.995117
vt 0.198242 0.995117
vt 0.198242 0.995117
vt 0.198242 0.995117
vt 0.198242 0.995117
vt 0.198242 0.995117
vt 0.198242 0.995117
vt 0.198242 0.995117
vt 0.198242 0.995117
vt 0.198242 0.995117
vt 0.198242 0.995117
vt 0.198242 0.995117
vt 0.198242 0.995117
vt 0.198242 0.995117
vt 0.198242 0.995117
vt 0.198242 0.995117
vt 0.198242 0.995117
vt 0.198242 0.995117
vt 0.198242 0.995117
vt 0.198242 0.995117
vt 0.198242 0.995117
vt 0.198242 0.995117
vt 0.198242 0.995117
vt 0.198242 0.995117
vt 0.198242 0.995117
vt 0.198242 0.995117
vt 0.198242 0.995117
vt 0.198242 0.995117
vt 0.198242 0.995117
vt 0.198242 0.995117
vt 0.198242 0.995117
vt 0.198242 0.995117
vt 0.198242 0.995117
vt 0.198242 0.995117
vt 0.198242 0.995117
vt 0.198242 0.995117
vt 0.198242 0.995117
vt 0.198242 0.995117
vt 0.198242 0.995117
vt 0.198242 0.995117
vt 0.198242 0.995117
vt 0.198242 0.995117
vt 0.198242 0.995117
vt 0.198242 0.995117
vt 0.198242 0.995117
vt 0.198242 0.995117
vt 0.198242 0.995117
vt 0.198242 0.995117
vt 0.198242 0.995117
vt 0.198242 0.995117
vt 0.198242 0.995117
vt 0.198242 0.995117
vt 0.198242 0.995117
vt 0.198242 0.995117
vt 0.198242 0.995117
vt 0.198242 0.995117
vt 0.198242 0.995117
vt 0.198242 0.995117
vt 0.198242 0.995117
vt 0.198242 0.995117
vt 0.198242 0.995117
vt 0.198242 0.995117
vt 0.198242 0.995117
vt 0.198242 0.995117
vt 0.198242 0.995117
vt 0.198242 0.995117
vt 0.198242 0.995117
vt 0.198242 0.995117
vt 0.198242 0.995117
vt 0.198242 0.995117
vt 0.198242 0.995117
vt 0.198242 0.995117
vt 0.198242 0.995117
vt 0.198242 0.995117
vt 0.198242 0.995117
vt 0.198242 0.995117
vt 0.198242 0.995117
vt 0.198242 0.995117
vt 0.198242 0.995117
vt 0.198242 0.995117
vt 0.198242 0.995117
vt 0.198242 0.995117
vt 0.198242 0.995117
vt 0.198242 0.995117
vt 0.198242 0.995117
vt 0.198242 0.995117
vt 0.198242 0.995117
vt 0.198242 0.995117
vt 0.198242 0.995117
vt 0.198242 0.995117
vt 0.198242 0.995117
vt 0.198242 0.995117
vt 0.198242 0.995117
vt 0.198242 0.995117
vt 0.198242 0.995117
vt 0.198242 0.995117
vt 0.198242 0.995117
vt 0.198242 0.995117
vt 0.198242 0.995117
vt 0.198242 0.995117
vt 0.198242 0.995117
vt 0.198242 0.995117
vt 0.198242 0.995117
vt 0.198242 0.995117
vt 0.198242 0.995117
vt 0.198242 0.995117
vt 0.198242 0.995117
vt 0.198242 0.995117
vt 0.198242 0.995117
vt 0.198242 0.995117
vt 0.198242 0.995117
vt 0.198242 0.995117
vt 0.198242 0.995117
vt 0.198242 0.995117
vt 0.198242 0.995117
vt 0.198242 0.995117
vt 0.198242 0.995117
vt 0.198242 0.995117
vt 0.198242 0.995117
vt 0.198242 0.995117
vt 0.198242 0.995117
vt 0.198242 0.995117
vt 0.198242 0.995117
vt 0.198242 0.995117
vt 0.198242 0.995117
vt 0.198242 0.995117
vt 0.198242 0.995117
vt 0.198242 0.995117
vt 0.198242 0.995117
vt 0.198242 0.995117
vt 0.198242 0.995117
vt 0.198242 0.995117
vt 0.198242 0.995117
vt 0.198242 0.995117
vt 0.198242 0.995117
vt 0.198242 0.995117
vt 0.198242 0.995117
vt 0.198242 0.995117
vt 0.198242 0.995117
vt 0.198242 0.995117
vt 0.198242 0.995117
vt 0.198242 0.995117
vt 0.198242 0.995117
vt 0.198242 0.995117
vt 0.198242 0.995117
vt 0.198242 0.995117
vt 0.198242 0.995117
vt 0.198242 0.995117
vt 0.198242 0.995117
vt 0.198242 0.995117
vt 0.198242 0.995117
vt 0.198242 0.995117
vt 0.198242 0.995117
vt 0.198242 0.995117
vt 0.198242 0.995117
vt 0.198242 0.995117
vt 0.198242 0.995117
vt 0.198242 0.995117
vt 0.198242 0.995117
vt 0.198242 0.995117
vt 0.198242 0.995117
vt 0.198242 0.995117
vt 0.198242 0.995117
vt 0.198242 0.995117
vt 0.198242 0.995117
vt 0.198242 0.995117
vt 0.198242 0.995117
vt 0.198242 0.995117
vt 0.198242 0.995117
vt 0.198242 0.995117
vt 0.198242 0.995117
vt 0.198242 0.995117
vt 0.198242 0.995117
vt 0.198242 0.995117
vt 0.198242 0.995117
vt 0.198242 0.995117
vt 0.198242 0.995117
vt 0.198242 0.995117
vt 0.198242 0.995117
vt 0.198242 0.995117
vt 0.198242 0.995117
vt 0.198242 0.995117
vt 0.198242 0.995117
vt 0.198242 0.995117
vt 0.198242 0.995117
vt 0.198242 0.995117
vt 0.198242 0.995117
vt 0.198242 0.995117
vt 0.198242 0.995117
vt 0.198242 0.995117
vt 0.198242 0.995117
vt 0.198242 0.995117
vt 0.198242 0.995117
vt 0.198242 0.995117
vt 0.198242 0.995117
vt 0.198242 0.995117
vt 0.198242 0.995117
vt 0.198242 0.995117
vt 0.198242 0.995117
vt 0.198242 0.995117
vt 0.198242 0.995117
vt 0.198242 0.995117
vt 0.198242 0.995117
vt 0.198242 0.995117
vt 0.198242 0.995117
vt 0.198242 0.995117
vt 0.198242 0.995117
vt 0.198242 0.995117
vt 0.198242 0.995117
vt 0.198242 0.995117
vt 0.198242 0.995117
vt 0.198242 0.995117
vt 0.198242 0.995117
vt 0.198242 0.995117
vt 0.198242 0.995117
vt 0.198242 0.995117
vt 0.198242 0.995117
vt 0.198242 0.995117
vt 0.198242 0.995117
vt 0.198242 0.995117
vt 0.198242 0.995117
vt 0.198242 0.995117
vt 0.198242 0.995117
vt 0.198242 0.995117
vt 0.198242 0.995117
vt 0.198242 0.995117
vt 0.198242 0.995117
vt 0.198242 0.995117
vt 0.198242 0.995117
vt 0.198242 0.995117
vt 0.198242 0.995117
vt 0.198242 0.995117
vt 0.198242 0.995117
vt 0.198242 0.995117
vt 0.198242 0.995117
vt 0.198242 0.995117
vt 0.198242 0.995117
vt 0.198242 0.995117
vt 0.198242 0.995117
vt 0.198242 0.995117
vt 0.198242 0.995117
vt 0.198242 0.995117
vt 0.198242 0.995117
vt 0.198242 0.995117
vt 0.198242 0.995117
vt 0.198242 0.995117
vt 0.198242 0.995117
vt 0.198242 0.995117
vt 0.198242 0.995117
vt 0.198242 0.995117
vt 0.198242 0.995117
vt 0.198242 0.995117
vt 0.198242 0.995117
vt 0.198242 0.995117
vt 0.198242 0.995117
vt 0.198242 0.995117
vt 0.198242 0.995117
vt 0.198242 0.995117
vt 0.198242 0.995117
vt 0.198242 0.995117
vt 0.198242 0.995117
vt 0.198242 0.995117
vt 0.198242 0.995117
vt 0.198242 0.995117
vt 0.198242 0.995117
vt 0.198242 0.995117
vt 0.198242 0.995117
vt 0.198242 0.995117
vt 0.198242 0.995117
vt 0.198242 0.995117
vt 0.198242 0.995117
vt 0.198242 0.995117
vt 0.198242 0.995117
vt 0.198242 0.995117
vt 0.198242 0.995117
vt 0.198242 0.995117
vt 0.198242 0.995117
vt 0.198242 0.995117
vt 0.198242 0.995117
vt 0.198242 0.995117
vt 0.198242 0.995117
vt 0.198242 0.995117
vt 0.198242 0.995117
vt 0.198242 0.995117
vt 0.198242 0.995117
vt 0.198242 0.995117
vt 0.198242 0.995117
vt 0.198242 0.995117
vt 0.198242 0.995117
vt 0.198242 0.995117
vt 0.198242 0.995117
vt 0.198242 0.995117
vt 0.198242 0.995117
vt 0.198242 0.995117
vt 0.198242 0.995117
vt 0.198242 0.995117
vt 0.198242 0.995117
vt 0.198242 0.995117
vt 0.198242 0.995117
vt 0.198242 0.995117
vt 0.198242 0.995117
vt 0.198242 0.995117
vt 0.198242 0.995117
vt 0.198242 0.995117
vt 0.198242 0.995117
vt 0.198242 0.995117
vt 0.198242 0.995117
vt 0.198242 0.995117
vt 0.198242 0.995117
vt 0.198242 0.995117
vt 0.198242 0.995117
vt 0.198242 0.995117
vt 0.198242 0.995117
vt 0.198242 0.995117
vt 0.198242 0.995117
vt 0.198242 0.995117
vt 0.198242 0.995117
vt 0.198242 0.995117
vt 0.198242 0.995117
vt 0.198242 0.995117
vt 0.198242 0.995117
vt 0.198242 0.995117
vt 0.198242 0.995117
vt 0.198242 0.995117
vt 0.198242 0.995117
vt 0.198242 0.995117
vt 0.198242 0.995117
vt 0.198242 0.995117
vt 0.198242 0.995117
vt 0.198242 0.995117
vt 0.198242 0.995117
vt 0.198242 0.995117
vt 0.198242 0.995117
vt 0.198242 0.995117
vt 0.198242 0.995117
vt 0.198242 0.995117
vt 0.198242 0.995117
vt 0.198242 0.995117
vt 0.198242 0.995117
vt 0.198242 0.995117
vt 0.198242 0.995117
vt 0.198242 0.995117
vt 0.198242 0.995117
vt 0.198242 0.995117
vt 0.198242 0.995117
vt 0.198242 0.995117
vt 0.198242 0.995117
vt 0.198242 0.995117
vt 0.198242 0.995117
vt 0.198242 0.995117
vt 0.198242 0.995117
vt 0.198242 0.995117
vt 0.198242 0.995117
vt 0.198242 0.995117
vt 0.198242 0.995117
vt 0.198242 0.995117
vt 0.198242 0.995117
vt 0.198242 0.995117
vt 0.198242 0.995117
vt 0.198242 0.995117
vt 0.198242 0.995117
vt 0.198242 0.995117
vt 0.198242 0.995117
vt 0.198242 0.995117
vt 0.198242 0.995117
vt 0.198242 0.995117
vt 0.198242 0.995117
vt 0.198242 0.995117
vt 0.198242 0.995117
vt 0.198242 0.995117
vt 0.198242 0.995117
vt 0.198242 0.995117
vt 0.198242 0.995117
vt 0.198242 0.995117
vt 0.198242 0.995117
vt 0.198242 0.995117
vt 0.198242 0.995117
vt 0.198242 0.995117
vt 0.198242 0.995117
vt 0.198242 0.995117
vt 0.198242 0.995117
vt 0.198242 0.995117
vt 0.198242 0.995117
vt 0.198242 0.995117
vt 0.198242 0.995117
vt 0.198242 0.995117
vt 0.198242 0.995117
vt 0.198242 0.995117
vt 0.198242 0.995117
vt 0.198242 0.995117
vt 0.198242 0.995117
vt 0.198242 0.995117
vt 0.198242 0.995117
vt 0.198242 0.995117
vt 0.198242 0.995117
vt 0.198242 0.995117
vt 0.198242 0.995117
vt 0.198242 0.995117
vt 0.198242 0.995117
vt 0.198242 0.995117
vt 0.198242 0.995117
vt 0.198242 0.995117
vt 0.198242 0.995117
vt 0.198242 0.995117
vt 0.198242 0.995117
vt 0.198242 0.995117
vt 0.198242 0.995117
vt 0.198242 0.995117
vt 0.198242 0.995117
vt 0.198242 0.995117
vt 0.198242 0.995117
vt 0.198242 0.995117
vt 0.198242 0.995117
vt 0.198242 0.995117
vt 0.198242 0.995117
vt 0.198242 0.995117
vt 0.198242 0.995117
vt 0.198242 0.995117
vt 0.198242 0.995117
vt 0.198242 0.995117
vt 0.198242 0.995117
vt 0.198242 0.995117
vt 0.198242 0.995117
vt 0.198242 0.995117
vt 0.198242 0.995117
vt 0.198242 0.995117
vt 0.198242 0.995117
vt 0.198242 0.995117
vt 0.198242 0.995117
vt 0.198242 0.995117
vt 0.198242 0.995117
vt 0.198242 0.995117
vt 0.198242 0.995117
vt 0.198242 0.995117
vt 0.198242 0.995117
vt 0.198242 0.995117
vt 0.198242 0.995117
vt 0.198242 0.995117
vt 0.198242 0.995117
vt 0.198242 0.995117
vt 0.198242 0.995117
vt 0.198242 0.995117
vt 0.198242 0.995117
vt 0.198242 0.995117
vt 0.198242 0.995117
vt 0.198242 0.995117
vt 0.198242 0.995117
vt 0.198242 0.995117
vt 0.198242 0.995117
vt 0.198242 0.995117
vt 0.198242 0.995117
vt 0.198242 0.995117
vt 0.198242 0.995117
vt 0.198242 0.995117
vt 0.198242 0.995117
vt 0.198242 0.995117
vt 0.198242 0.995117
vt 0.198242 0.995117
vt 0.198242 0.995117
vt 0.198242 0.995117
vt 0.198242 0.995117
vt 0.198242 0.995117
vt 0.198242 0.995117
vt 0.198242 0.995117
vt 0.198242 0.995117
vt 0.198242 0.995117
vt 0.198242 0.995117
vt 0.198242 0.995117
vt 0.198242 0.995117
vt 0.198242 0.995117
vt 0.198242 0.995117
vt 0.198242 0.995117
vt 0.198242 0.995117
vt 0.198242 0.995117
vt 0.198242 0.995117
vt 0.198242 0.995117
vt 0.198242 0.995117
vt 0.198242 0.995117
vt 0.198242 0.995117
vt 0.198242 0.995117
vt 0.198242 0.995117
vt 0.198242 0.995117
vt 0.198242 0.995117
vt 0.198242 0.995117
vt 0.198242 0.995117
vt 0.198242 0.995117
vt 0.198242 0.995117
vt 0.198242 0.995117
vt 0.198242 0.995117
vt 0.198242 0.995117
vt 0.198242 0.995117
vt 0.198242 0.995117
vt 0.198242 0.995117
vt 0.198242 0.995117
vt 0.198242 0.995117
vt 0.198242 0.995117
vt 0.198242 0.995117
vt 0.198242 0.995117
vt 0.198242 0.995117
vt 0.198242 0.995117
vt 0.198242 0.995117
vt 0.198242 0.995117
vt 0.198242 0.995117
vt 0.198242 0.995117
vt 0.198242 0.995117
vt 0.198242 0.995117
vt 0.198242 0.995117
vt 0.198242 0.995117
vt 0.198242 0.995117
vt 0.198242 0.995117
vt 0.198242 0.995117
vt 0.198242 0.995117
vt 0.198242 0.995117
vt 0.198242 0.995117
vt 0.198242 0.995117
vt 0.198242 0.995117
vt 0.198242 0.995117
vt 0.198242 0.995117
vt 0.198242 0.995117
vt 0.198242 0.995117
vt 0.198242 0.995117
vt 0.198242 0.995117
vt 0.198242 0.995117
vt 0.198242 0.995117
vt 0.198242 0.995117
vt 0.198242 0.995117
vt 0.198242 0.995117
vt 0.198242 0.995117
vt 0.198242 0.995117
vt 0.198242 0.995117
vt 0.198242 0.995117
vt 0.198242 0.995117
vt 0.198242 0.995117
vt 0.198242 0.995117
vt 0.198242 0.995117
vt 0.198242 0.995117
vt 0.198242 0.995117
vt 0.198242 0.995117
vt 0.198242 0.995117
vt 0.198242 0.995117
vt 0.198242 0.995117
vt 0.198242 0.995117
vt 0.198242 0.995117
vt 0.198242 0.995117
vt 0.198242 0.995117
vt 0.198242 0.995117
vt 0.198242 0.995117
vt 0.198242 0.995117
vt 0.198242 0.995117
vt 0.198242 0.995117
vt 0.198242 0.995117
vt 0.198242 0.995117
vt 0.198242 0.995117
vt 0.198242 0.995117
vt 0.198242 0.995117
vt 0.198242 0.995117
vt 0.198242 0.995117
vt 0.198242 0.995117
vt 0.198242 0.995117
vt 0.198242 0.995117
vt 0.198242 0.995117
vt 0.198242 0.995117
vt 0.198242 0.995117
vt 0.198242 0.995117
vt 0.198242 0.995117
vt 0.198242 0.995117
vt 0.198242 0.995117
vt 0.198242 0.995117
vt 0.198242 0.995117
vt 0.198242 0.995117
vt 0.198242 0.995117
vt 0.198242 0.995117
vt 0.198242 0.995117
vt 0.198242 0.995117
vt 0.198242 0.995117
vt 0.198242 0.995117
vt 0.198242 0.995117
vt 0.198242 0.995117
vt 0.198242 0.995117
vt 0.198242 0.995117
vt 0.198242 0.995117
vt 0.198242 0.995117
vt 0.198242 0.995117
vt 0.198242 0.995117
vt 0.198242 0.995117
vt 0.198242 0.995117
vt 0.198242 0.995117
vt 0.198242 0.995117
vt 0.198242 0.995117
vt 0.198242 0.995117
vt 0.198242 0.995117
vt 0.198242 0.995117
vt 0.198242 0.995117
vt 0.198242 0.995117
vt 0.198242 0.995117
vt 0.198242 0.995117
vt 0.198242 0.995117
vt 0.198242 0.995117
vt 0.198242 0.995117
vt 0.198242 0.995117
vt 0.198242 0.995117
vt 0.198242 0.995117
vt 0.198242 0.995117
vt 0.198242 0.995117
vt 0.198242 0.995117
vt 0.198242 0.995117
vt 0.198242 0.995117
vt 0.198242 0.995117
vt 0.198242 0.995117
vt 0.198242 0.995117
vt 0.198242 0.995117
vt 0.198242 0.995117
vt 0.198242 0.995117
vt 0.198242 0.995117
vt 0.198242 0.995117
vt 0.198242 0.995117
vt 0.198242 0.995117
vt 0.198242 0.995117
vt 0.198242 0.995117
vt 0.198242 0.995117
vt 0.198242 0.995117
vt 0.198242 0.995117
vt 0.198242 0.995117
vt 0.198242 0.995117
vt 0.198242 0.995117
vt 0.198242 0.995117
vt 0.198242 0.995117
vt 0.198242 0.995117
vt 0.198242 0.995117
vt 0.198242 0.995117
vt 0.198242 0.995117
vt 0.198242 0.995117
vt 0.198242 0.995117
vt 0.198242 0.995117
vt 0.198242 0.995117
vt 0.198242 0.995117
vt 0.198242 0.995117
vt 0.198242 0.995117
vt 0.198242 0.995117
vt 0.198242 0.995117
vt 0.198242 0.995117
vt 0.198242 0.995117
vt 0.198242 0.995117
vt 0.198242 0.995117
vt 0.198242 0.995117
vt 0.198242 0.995117
vt 0.198242 0.995117
vt 0.198242 0.995117
vt 0.198242 0.995117
vt 0.198242 0.995117
vt 0.198242 0.995117
vt 0.198242 0.995117
vt 0.198242 0.995117
vt 0.198242 0.995117
vt 0.198242 0.995117
vt 0.198242 0.995117
vt 0.198242 0.995117
vt 0.198242 0.995117
vt 0.198242 0.995117
vt 0.198242 0.995117
vt 0.198242 0.995117
vt 0.198242 0.995117
vt 0.198242 0.995117
vt 0.198242 0.995117
vt 0.198242 0.995117
vt 0.198242 0.995117
vt 0.198242 0.995117
vt 0.198242 0.995117
vt 0.198242 0.995117
vt 0.198242 0.995117
vt 0.198242 0.995117
vt 0.198242 0.995117
vt 0.198242 0.995117
vt 0.198242 0.995117
vt 0.198242 0.995117
vt 0.198242 0.995117
vt 0.198242 0.995117
vt 0.198242 0.995117
vt 0.198242 0.995117
vt 0.198242 0.995117
vt 0.198242 0.995117
vt 0.198242 0.995117
vt 0.198242 0.995117
vt 0.198242 0.995117
vt 0.198242 0.995117
vt 0.198242 0.995117
vt 0.198242 0.995117
vt 0.198242 0.995117
vt 0.198242 0.995117
vt 0.198242 0.995117
vt 0.198242 0.995117
vt 0.198242 0.995117
vt 0.198242 0.995117
vt 0.198242 0.995117
vt 0.198242 0.995117
vt 0.198242 0.995117
vt 0.198242 0.995117
vt 0.198242 0.995117
vt 0.198242 0.995117
vt 0.198242 0.995117
vt 0.198242 0.995117
vt 0.198242 0.995117
vt 0.198242 0.995117
vt 0.198242 0.995117
vt 0.198242 0.995117
vt 0.198242 0.995117
vt 0.198242 0.995117
vt 0.198242 0.995117
vt 0.198242 0.995117
vt 0.198242 0.995117
vt 0.198242 0.995117
vt 0.198242 0.995117
vt 0.198242 0.995117
vt 0.198242 0.995117
vt 0.198242 0.995117
vt 0.198242 0.995117
vt 0.198242 0.995117
vt 0.198242 0.995117
vt 0.198242 0.995117
vt 0.198242 0.995117
vt 0.198242 0.995117
vt 0.198242 0.995117
vt 0.198242 0.995117
vt 0.198242 0.995117
vt 0.198242 0.995117
vt 0.198242 0.995117
vt 0.198242 0.995117
vt 0.198242 0.995117
vt 0.198242 0.995117
vt 0.198242 0.995117
vt 0.198242 0.995117
vt 0.198242 0.995117
vt 0.198242 0.995117
vt 0.198242 0.995117
vt 0.198242 0.995117
vt 0.198242 0.995117
vt 0.198242 0.995117
vt 0.198242 0.995117
vt 0.198242 0.995117
vt 0.198242 0.995117
vt 0.198242 0.995117
vt 0.198242 0.995117
vt 0.198242 0.995117
vt 0.198242 0.995117
vt 0.198242 0.995117
vt 0.198242 0.995117
vt 0.198242 0.995117
vt 0.198242 0.995117
vt 0.198242 0.995117
vt 0.198242 0.995117
vt 0.198242 0.995117
vt 0.198242 0.995117
vt 0.198242 0.995117
vt 0.198242 0.995117
vt 0.198242 0.995117
vt 0.198242 0.995117
vt 0.198242 0.995117
vt 0.198242 0.995117
vt 0.198242 0.995117
vt 0.198242 0.995117
vt 0.198242 0.995117
vt 0.198242 0.995117
vt 0.198242 0.995117
vt 0.198242 0.995117
vt 0.198242 0.995117
vt 0.198242 0.995117
vt 0.198242 0.995117
vt 0.198242 0.995117
vt 0.198242 0.995117
vt 0.198242 0.995117
vt 0.198242 0.995117
vt 0.198242 0.995117
vt 0.198242 0.995117
vt 0.198242 0.995117
vt 0.198242 0.995117
vt 0.198242 0.995117
vt 0.198242 0.995117
vt 0.198242 0.995117
vt 0.198242 0.995117
vt 0.198242 0.995117
vt 0.198242 0.995117
vt 0.198242 0.995117
vt 0.198242 0.995117
vt 0.198242 0.995117
vt 0.198242 0.995117
vt 0.198242 0.995117
vt 0.198242 0.995117
vt 0.198242 0.995117
vt 0.198242 0.995117
vt 0.198242 0.995117
vt 0.198242 0.995117
vt 0.198242 0.995117
vt 0.198242 0.995117
vt 0.198242 0.995117
vt 0.198242 0.995117
vt 0.198242 0.995117
vt 0.198242 0.995117
vt 0.198242 0.995117
vt 0.198242 0.995117
vt 0.198242 0.995117
vt 0.198242 0.995117
vt 0.198242 0.995117
vt 0.198242 0.995117
vt 0.198242 0.995117
vt 0.198242 0.995117
vt 0.198242 0.995117
vt 0.198242 0.995117
vt 0.198242 0.995117
vt 0.198242 0.995117
vt 0.198242 0.995117
vt 0.198242 0.995117
vt 0.198242 0.995117
vt 0.198242 0.995117
vt 0.198242 0.995117
vt 0.198242 0.995117
vt 0.198242 0.995117
vt 0.198242 0.995117
vt 0.198242 0.995117
vt 0.198242 0.995117
vt 0.198242 0.995117
vt 0.198242 0.995117
vt 0.198242 0.995117
vt 0.198242 0.995117
vt 0.198242 0.995117
vt 0.198242 0.995117
vt 0.198242 0.995117
vt 0.198242 0.995117
vt 0.198242 0.995117
vt 0.198242 0.995117
vt 0.198242 0.995117
vt 0.198242 0.995117
vt 0.198242 0.995117
vt 0.198242 0.995117
vt 0.198242 0.995117
vt 0.198242 0.995117
vt 0.198242 0.995117
vt 0.198242 0.995117
vt 0.198242 0.995117
vt 0.198242 0.995117
vt 0.198242 0.995117
vt 0.198242 0.995117
vt 0.198242 0.995117
vt 0.198242 0.995117
vt 0.198242 0.995117
vt 0.198242 0.995117
vt 0.198242 0.995117
vt 0.198242 0.995117
vt 0.198242 0.995117
vt 0.198242 0.995117
vt 0.198242 0.995117
vt 0.198242 0.995117
vt 0.198242 0.995117
vt 0.198242 0.995117
vt 0.198242 0.995117
vt 0.198242 0.995117
vt 0.198242 0.995117
vt 0.198242 0.995117
vt 0.198242 0.995117
vt 0.198242 0.995117
vt 0.198242 0.995117
vt 0.198242 0.995117
vt 0.198242 0.995117
vt 0.198242 0.995117
vt 0.198242 0.995117
vt 0.198242 0.995117
vt 0.198242 0.995117
vt 0.198242 0.995117
vt 0.198242 0.995117
vt 0.198242 0.995117
vt 0.198242 0.995117
vt 0.198242 0.995117
vt 0.198242 0.995117
vt 0.198242 0.995117
vt 0.198242 0.995117
vt 0.198242 0.995117
vt 0.198242 0.995117
vt 0.198242 0.995117
vt 0.198242 0.995117
vt 0.198242 0.995117
vt 0.198242 0.995117
vt 0.198242 0.995117
vt 0.198242 0.995117
vt 0.198242 0.995117
vt 0.198242 0.995117
vt 0.198242 0.995117
vt 0.198242 0.995117
vt 0.198242 0.995117
vt 0.198242 0.995117
vt 0.198242 0.995117
vt 0.198242 0.995117
vt 0.198242 0.995117
vt 0.198242 0.995117
vt 0.198242 0.995117
vt 0.198242 0.995117
vt 0.198242 0.995117
vt 0.198242 0.995117
vt 0.198242 0.995117
vt 0.198242 0.995117
vt 0.198242 0.995117
vt 0.198242 0.995117
vt 0.198242 0.995117
vt 0.198242 0.995117
vt 0.198242 0.995117
vt 0.198242 0.995117
vt 0.198242 0.995117
vt 0.198242 0.995117
vt 0.198242 0.995117
vt 0.198242 0.995117
vt 0.198242 0.995117
vt 0.198242 0.995117
vt 0.198242 0.995117
vt 0.198242 0.995117
vt 0.198242 0.995117
vt 0.198242 0.995117
vt 0.198242 0.995117
vt 0.198242 0.995117
vt 0.198242 0.995117
vt 0.198242 0.995117
vt 0.198242 0.995117
vt 0.198242 0.995117
vt 0.198242 0.995117
vt 0.198242 0.995117
vt 0.198242 0.995117
vt 0.198242 0.995117
vt 0.198242 0.995117
vt 0.198242 0.995117
vt 0.198242 0.995117
vt 0.198242 0.995117
vt 0.198242 0.995117
vt 0.198242 0.995117
vt 0.198242 0.995117
vt 0.198242 0.995117
vt 0.198242 0.995117
vt 0.198242 0.995117
vt 0.198242 0.995117
vt 0.198242 0.995117
vt 0.198242 0.995117
vt 0.198242 0.995117
vt 0.198242 0.995117
vt 0.198242 0.995117
vt 0.198242 0.995117
vt 0.198242 0.995117
vt 0.198242 0.995117
vt 0.198242 0.995117
vt 0.198242 0.995117
vt 0.198242 0.995117
vt 0.198242 0.995117
vt 0.198242 0.995117
vt 0.198242 0.995117
vt 0.198242 0.995117
vt 0.198242 0.995117
vt 0.198242 0.995117
vt 0.198242 0.995117
vt 0.198242 0.995117
vt 0.198242 0.995117
vt 0.198242 0.995117
vt 0.198242 0.995117
vt 0.198242 0.995117
vt 0.198242 0.995117
vt 0.198242 0.995117
vt 0.198242 0.995117
vt 0.198242 0.995117
vt 0.198242 0.995117
vt 0.198242 0.995117
vt 0.198242 0.995117
vt 0.198242 0.995117
vt 0.198242 0.995117
vt 0.198242 0.995117
vt 0.198242 0.995117
vt 0.198242 0.995117
vt 0.198242 0.995117
vt 0.198242 0.995117
vt 0.198242 0.995117
vt 0.198242 0.995117
vt 0.198242 0.995117
vt 0.198242 0.995117
vt 0.198242 0.995117
vt 0.198242 0.995117
vt 0.198242 0.995117
vt 0.198242 0.995117
vt 0.198242 0.995117
vt 0.198242 0.995117
vt 0.198242 0.995117
vt 0.198242 0.995117
vt 0.198242 0.995117
vt 0.198242 0.995117
vt 0.198242 0.995117
vt 0.198242 0.995117
vt 0.198242 0.995117
vt 0.198242 0.995117
vt 0.198242 0.995117
vt 0.198242 0.995117
vt 0.198242 0.995117
vt 0.198242 0.995117
vt 0.198242 0.995117
vt 0.198242 0.995117
vt 0.198242 0.995117
vt 0.198242 0.995117
vt 0.198242 0.995117
vt 0.198242 0.995117
vt 0.198242 0.995117
vt 0.198242 0.995117
vt 0.198242 0.995117
vt 0.198242 0.995117
vt 0.198242 0.995117
vt 0.198242 0.995117
vt 0.198242 0.995117
vt 0.198242 0.995117
vt 0.198242 0.995117
vt 0.198242 0.995117
vt 0.198242 0.995117
vt 0.198242 0.995117
vt 0.198242 0.995117
vt 0.198242 0.995117
vt 0.198242 0.995117
vt 0.198242 0.995117
vt 0.198242 0.995117
vt 0.198242 0.995117
vt 0.198242 0.995117
vt 0.198242 0.995117
vt 0.198242 0.995117
vt 0.198242 0.995117
vt 0.198242 0.995117
vt 0.198242 0.995117
vt 0.198242 0.995117
vt 0.198242 0.995117
vt 0.198242 0.995117
vt 0.198242 0.995117
vt 0.198242 0.995117
vt 0.198242 0.995117
vt 0.198242 0.995117
vt 0.198242 0.995117
vt 0.198242 0.995117
vt 0.198242 0.995117
vt 0.198242 0.995117
vt 0.198242 0.995117
vt 0.198242 0.995117
vt 0.198242 0.995117
vt 0.198242 0.995117
vt 0.198242 0.995117
vt 0.198242 0.995117
vt 0.198242 0.995117
vt 0.198242 0.995117
vt 0.198242 0.995117
vt 0.198242 0.995117
vt 0.198242 0.995117
vt 0.198242 0.995117
vt 0.198242 0.995117
vt 0.198242 0.995117
vt 0.198242 0.995117
vt 0.198242 0.995117
vt 0.198242 0.995117
vt 0.198242 0.995117
vt 0.198242 0.995117
vt 0.198242 0.995117
vt 0.198242 0.995117
vt 0.198242 0.995117
vt 0.198242 0.995117
vt 0.198242 0.995117
vt 0.198242 0.995117
vt 0.198242 0.995117
vt 0.198242 0.995117
vt 0.198242 0.995117
vt 0.198242 0.995117
vt 0.198242 0.995117
vt 0.198242 0.995117
vt 0.198242 0.995117
vt 0.198242 0.995117
vt 0.198242 0.995117
vt 0.198242 0.995117
vt 0.198242 0.995117
vt 0.198242 0.995117
vt 0.198242 0.995117
vt 0.198242 0.995117
vt 0.198242 0.995117
vt 0.198242 0.995117
vt 0.198242 0.995117
vt 0.198242 0.995117
vt 0.198242 0.995117
vt 0.198242 0.995117
vt 0.198242 0.995117
vt 0.198242 0.995117
vt 0.198242 0.995117
vt 0.198242 0.995117
vt 0.198242 0.995117
vt 0.198242 0.995117
vt 0.198242 0.995117
vt 0.198242 0.995117
vt 0.198242 0.995117
vt 0.198242 0.995117
vt 0.198242 0.995117
vt 0.198242 0.995117
vt 0.198242 0.995117
vt 0.198242 0.995117
vt 0.198242 0.995117
vt 0.198242 0.995117
vt 0.198242 0.995117
vt 0.198242 0.995117
vt 0.198242 0.995117
vt 0.198242 0.995117
vt 0.198242 0.995117
vt 0.198242 0.995117
vt 0.198242 0.995117
vt 0.198242 0.995117
vt 0.198242 0.995117
vt 0.198242 0.995117
vt 0.198242 0.995117
vt 0.198242 0.995117
vt 0.198242 0.995117
vt 0.198242 0.995117
vt 0.198242 0.995117
vt 0.198242 0.995117
vt 0.198242 0.995117
vt 0.198242 0.995117
vt 0.198242 0.995117
vt 0.198242 0.995117
vt 0.198242 0.995117
vt 0.198242 0.995117
vt 0.198242 0.995117
vt 0.198242 0.995117
vt 0.198242 0.995117
vt 0.198242 0.995117
vt 0.198242 0.995117
vt 0.198242 0.995117
vt 0.198242 0.995117
vt 0.198242 0.995117
vt 0.198242 0.995117
vt 0.198242 0.995117
vt 0.198242 0.995117
vt 0.198242 0.995117
vt 0.198242 0.995117
vt 0.198242 0.995117
vt 0.198242 0.995117
vt 0.198242 0.995117
vt 0.198242 0.995117
vt 0.198242 0.995117
vt 0.198242 0.995117
vt 0.198242 0.995117
vt 0.198242 0.995117
vt 0.198242 0.995117
vt 0.198242 0.995117
vt 0.198242 0.995117
vt 0.198242 0.995117
vt 0.198242 0.995117
vt 0.198242 0.995117
vt 0.198242 0.995117
vt 0.198242 0.995117
vt 0.198242 0.995117
vt 0.198242 0.995117
vt 0.198242 0.995117
vt 0.198242 0.995117
vt 0.198242 0.995117
vt 0.198242 0.995117
vt 0.198242 0.995117
vt 0.198242 0.995117
vt 0.198242 0.995117
vt 0.198242 0.995117
vt 0.198242 0.995117
vt 0.198242 0.995117
vt 0.198242 0.995117
vt 0.198242 0.995117
vt 0.198242 0.995117
vt 0.198242 0.995117
vt 0.198242 0.995117
vt 0.198242 0.995117
vt 0.198242 0.995117
vt 0.198242 0.995117
vt 0.198242 0.995117
vt 0.198242 0.995117
vt 0.198242 0.995117
vt 0.198242 0.995117
vt 0.198242 0.995117
vt 0.198242 0.995117
vt 0.198242 0.995117
vt 0.198242 0.995117
vt 0.198242 0.995117
vt 0.198242 0.995117
vt 0.198242 0.995117
vt 0.198242 0.995117
vt 0.198242 0.995117
vt 0.198242 0.995117
vt 0.198242 0.995117
vt 0.198242 0.995117
vt 0.198242 0.995117
vt 0.198242 0.995117
vt 0.198242 0.995117
vt 0.198242 0.995117
vt 0.198242 0.995117
vt 0.198242 0.995117
vt 0.198242 0.995117
vt 0.198242 0.995117
vt 0.198242 0.995117
vt 0.198242 0.995117
vt 0.198242 0.995117
vt 0.198242 0.995117
vt 0.198242 0.995117
vt 0.198242 0.995117
vt 0.198242 0.995117
vt 0.198242 0.995117
vt 0.198242 0.995117
vt 0.198242 0.995117
vt 0.198242 0.995117
vt 0.198242 0.995117
vt 0.198242 0.995117
vt 0.198242 0.995117
vt 0.198242 0.995117
vt 0.198242 0.995117
vt 0.198242 0.995117
vt 0.198242 0.995117
vt 0.198242 0.995117
vt 0.198242 0.995117
vt 0.198242 0.995117
vt 0.198242 0.995117
vt 0.198242 0.995117
vt 0.198242 0.995117
vt 0.198242 0.995117
vt 0.198242 0.995117
vt 0.198242 0.995117
vt 0.198242 0.995117
vt 0.198242 0.995117
vt 0.198242 0.995117
vt 0.198242 0.995117
vt 0.198242 0.995117
vt 0.198242 0.995117
vt 0.198242 0.995117
vt 0.198242 0.995117
vt 0.198242 0.995117
vt 0.198242 0.995117
vt 0.198242 0.995117
vt 0.198242 0.995117
vt 0.198242 0.995117
vt 0.198242 0.995117
vt 0.198242 0.995117
vt 0.198242 0.995117
vt 0.198242 0.995117
vt 0.198242 0.995117
vt 0.198242 0.995117
vt 0.198242 0.995117
vt 0.198242 0.995117
vt 0.198242 0.995117
vt 0.198242 0.995117
vt 0.198242 0.995117
vt 0.198242 0.995117
vt 0.198242 0.995117
vt 0.198242 0.995117
vt 0.198242 0.995117
vt 0.198242 0.995117
vt 0.198242 0.995117
vt 0.198242 0.995117
vt 0.198242 0.995117
vt 0.198242 0.995117
vt 0.198242 0.995117
vt 0.198242 0.995117
vt 0.198242 0.995117
vt 0.198242 0.995117
vt 0.198242 0.995117
vt 0.198242 0.995117
vt 0.198242 0.995117
vt 0.198242 0.995117
vt 0.198242 0.995117
vt 0.198242 0.995117
vt 0.198242 0.995117
vt 0.198242 0.995117
vt 0.198242 0.995117
vt 0.198242 0.995117
vt 0.198242 0.995117
vt 0.198242 0.995117
vt 0.198242 0.995117
vt 0.198242 0.995117
vt 0.198242 0.995117
vt 0.198242 0.995117
vt 0.198242 0.995117
vt 0.198242 0.995117
vt 0.198242 0.995117
vt 0.198242 0.995117
vt 0.198242 0.995117
vt 0.198242 0.995117
vt 0.198242 0.995117
vt 0.198242 0.995117
vt 0.198242 0.995117
vt 0.198242 0.995117
vt 0.198242 0.995117
vt 0.198242 0.995117
vt 0.198242 0.995117
vt 0.198242 0.995117
vt 0.198242 0.995117
vt 0.198242 0.995117
vt 0.198242 0.995117
vt 0.198242 0.995117
vt 0.198242 0.995117
vt 0.198242 0.995117
vt 0.198242 0.995117
vt 0.198242 0.995117
vt 0.198242 0.995117
vt 0.198242 0.995117
vt 0.198242 0.995117
vt 0.198242 0.995117
vt 0.198242 0.995117
vt 0.198242 0.995117
vt 0.198242 0.995117
vt 0.198242 0.995117
vt 0.198242 0.995117
vt 0.198242 0.995117
vt 0.198242 0.995117
vt 0.198242 0.995117
vt 0.198242 0.995117
vt 0.198242 0.995117
vt 0.198242 0.995117
vt 0.198242 0.995117
vt 0.198242 0.995117
vt 0.198242 0.995117
vt 0.198242 0.995117
vt 0.198242 0.995117
vt 0.198242 0.995117
vt 0.198242 0.995117
vt 0.198242 0.995117
vt 0.198242 0.995117
vt 0.198242 0.995117
vt 0.198242 0.995117
vt 0.198242 0.995117
vt 0.198242 0.995117
vt 0.198242 0.995117
vt 0.198242 0.995117
vt 0.198242 0.995117
vt 0.198242 0.995117
vt 0.198242 0.995117
vt 0.198242 0.995117
vt 0.198242 0.995117
vt 0.198242 0.995117
vt 0.198242 0.995117
vt 0.198242 0.995117
vt 0.198242 0.995117
vt 0.198242 0.995117
vt 0.198242 0.995117
vt 0.198242 0.995117
vt 0.198242 0.995117
vt 0.198242 0.995117
vt 0.198242 0.995117
vt 0.198242 0.995117
vt 0.198242 0.995117
vt 0.198242 0.995117
vt 0.198242 0.995117
vt 0.198242 0.995117
vt 0.198242 0.995117
vt 0.198242 0.995117
vt 0.198242 0.995117
vt 0.198242 0.995117
vt 0.198242 0.995117
vt 0.198242 0.995117
vt 0.198242 0.995117
vt 0.198242 0.995117
vt 0.198242 0.995117
vt 0.198242 0.995117
vt 0.198242 0.995117
vt 0.198242 0.995117
vt 0.198242 0.995117
vt 0.198242 0.995117
vt 0.198242 0.995117
vt 0.198242 0.995117
vt 0.198242 0.995117
vt 0.198242 0.995117
vt 0.198242 0.995117
vt 0.198242 0.995117
vt 0.198242 0.995117
vt 0.198242 0.995117
vt 0.198242 0.995117
vt 0.198242 0.995117
vt 0.198242 0.995117
vt 0.198242 0.995117
vt 0.198242 0.995117
vt 0.198242 0.995117
vt 0.198242 0.995117
vt 0.198242 0.995117
vt 0.198242 0.995117
vt 0.198242 0.995117
vt 0.198242 0.995117
vt 0.198242 0.995117
vt 0.198242 0.995117
vt 0.198242 0.995117
vt 0.198242 0.995117
vt 0.198242 0.995117
vt 0.198242 0.995117
vt 0.198242 0.995117
vt 0.198242 0.995117
vt 0.198242 0.995117
vt 0.198242 0.995117
vt 0.198242 0.995117
vt 0.198242 0.995117
vt 0.198242 0.995117
vt 0.198242 0.995117
vt 0.198242 0.995117
vt 0.198242 0.995117
vt 0.198242 0.995117
vt 0.198242 0.995117
vt 0.198242 0.995117
vt 0.198242 0.995117
g handle
f 1/1 2/2 3/3
f 4/4 1/5 3/6
f 5/7 6/8 7/9
f 8/10 5/11 7/12
f 6/13 9/14 10/15
f 7/16 6/17 10/18
f 9/19 1/20 4/21
f 10/22 9/23 4/24
f 2/25 11/26 12/27
f 3/28 2/29 12/30
f 11/31 5/32 8/33
f 12/34 11/35 8/36
f 8/37 7/38 10/39
f 4/40 8/41 10/42
f 12/43 8/44 4/45
f 3/46 12/47 4/48
f 13/49 14/50 15/51
f 16/52 13/53 15/54
f 17/55 18/56 19/57
f 20/58 17/59 19/60
f 13/61 16/62 21/63
f 22/64 13/65 21/66
f 17/67 20/68 23/69
f 24/70 17/71 23/72
f 25/73 26/74 14/75
f 13/76 25/77 14/78
f 25/79 20/80 19/81
f 26/82 25/83 19/84
f 14/85 26/86 27/87
f 15/88 14/89 27/90
f 26/91 19/92 18/93
f 27/94 26/95 18/96
f 15/97 27/98 28/99
f 16/100 15/101 28/102
f 27/103 18/104 17/105
f 28/106 27/107 17/108
f 20/109 25/110 29/111
f 23/112 20/113 29/114
f 25/115 13/116 22/117
f 29/118 25/119 22/120
f 16/121 28/122 30/123
f 21/124 16/125 30/126
f 28/127 17/128 24/129
f 30/130 28/131 24/132
f 31/133 32/134 33/135
f 34/136 31/137 33/138
f 35/139 36/140 37/141
f 38/142 35/143 37/144
f 33/145 32/146 39/147
f 40/148 33/149 39/150
f 36/151 33/152 40/153
f 41/154 36/155 40/156
f 37/157 36/158 41/159
f 42/160 37/161 41/162
f 32/163 37/164 42/165
f 39/166 32/167 42/168
f 42/169 41/170 40/171
f 39/172 42/173 40/174
f 31/175 34/176 43/177
f 44/178 31/179 43/180
f 38/181 31/182 44/183
f 45/184 38/185 44/186
f 35/187 38/188 45/189
f 46/190 35/191 45/192
f 34/193 35/194 46/195
f 43/196 34/197 46/198
f 46/199 45/200 44/201
f 43/202 46/203 44/204
f 32/205 31/206 47/207
f 48/208 32/209 47/210
f 37/211 32/212 48/213
f 49/214 37/215 48/216
f 38/217 37/218 49/219
f 50/220 38/221 49/222
f 31/223 38/224 50/225
f 47/226 31/227 50/228
f 50/229 49/230 48/231
f 47/232 50/233 48/234
f 34/235 33/236 51/237
f 52/238 34/239 51/240
f 35/241 34/242 52/243
f 53/244 35/245 52/246
f 36/247 35/248 53/249
f 54/250 36/251 53/252
f 33/253 36/254 54/255
f 51/256 33/257 54/258
f 54/259 53/260 52/261
f 51/262 54/263 52/264
f 523/4675 524/4676 525/4677
f 524/4678 526/4679 525/4680
f 526/4681 527/4682 525/4683
f 527/4684 528/4685 525/4686
f 528/4687 529/4688 525/4689
f 529/4690 523/4691 525/4692
g blade
f 55/265 56/266 57/267
f 56/268 58/269 57/270
f 59/271 60/272 61/273
f 59/274 61/275 57/276
f 58/277 59/278 57/279
f 60/280 55/281 57/282
f 61/283 60/284 57/285
f 58/286 62/287 63/288
f 59/289 58/290 63/291
f 55/292 60/293 64/294
f 65/295 55/296 64/297
f 60/298 59/299 63/300
f 64/301 60/302 63/303
f 55/304 65/305 66/306
f 56/307 55/308 66/309
f 58/310 56/311 66/312
f 62/313 58/314 66/315
f 63/316 62/317 67/318
f 68/319 63/320 67/321
f 65/322 64/323 69/324
f 70/325 65/326 69/327
f 64/328 63/329 68/330
f 69/331 64/332 68/333
f 66/334 65/335 70/336
f 71/337 66/338 70/339
f 62/340 66/341 71/342
f 67/343 62/344 71/345
f 72/346 73/347 74/348
f 75/349 72/350 74/351
f 68/352 67/353 72/354
f 75/355 68/356 72/357
f 76/358 77/359 78/360
f 79/361 76/362 78/363
f 70/364 69/365 76/366
f 79/367 70/368 76/369
f 75/370 74/371 77/372
f 76/373 75/374 77/375
f 69/376 68/377 75/378
f 76/379 69/380 75/381
f 79/382 78/383 80/384
f 81/385 79/386 80/387
f 71/388 70/389 79/390
f 81/391 71/392 79/393
f 81/394 80/395 73/396
f 72/397 81/398 73/399
f 67/400 71/401 81/402
f 72/403 67/404 81/405
f 1/406 2/407 3/408
f 4/409 1/410 3/411
f 5/412 6/413 7/414
f 8/415 5/416 7/417
f 6/418 9/419 10/420
f 7/421 6/422 10/423
f 9/424 1/425 4/426
f 10/427 9/428 4/429
f 2/430 11/431 12/432
f 3/433 2/434 12/435
f 11/436 5/437 8/438
f 12/439 11/440 8/441
f 8/442 7/443 10/444
f 4/445 8/446 10/447
f 12/448 8/449 4/450
f 3/451 12/452 4/453
f 13/454 14/455 15/456
f 16/457 13/458 15/459
f 17/460 18/461 19/462
f 20/463 17/464 19/465
f 13/466 16/467 21/468
f 22/469 13/470 21/471
f 17/472 20/473 23/474
f 24/475 17/476 23/477
f 25/478 26/479 14/480
f 13/481 25/482 14/483
f 25/484 20/485 19/486
f 26/487 25/488 19/489
f 14/490 26/491 27/492
f 15/493 14/494 27/495
f 26/496 19/497 18/498
f 27/499 26/500 18/501
f 15/502 27/503 28/504
f 16/505 15/506 28/507
f 27/508 18/509 17/510
f 28/511 27/512 17/513
f 20/514 25/515 29/516
f 23/517 20/518 29/519
f 25/520 13/521 22/522
f 29/523 25/524 22/525
f 16/526 28/527 30/528
f 21/529 16/530 30/531
f 28/532 17/533 24/534
f 30/535 28/536 24/537
f 530/4693 531/4694 532/4695
f 530/4696 532/4697 533/4698
f 534/4699 535/4700 536/4701
f 534/4702 536/4703 537/4704
f 530/4705 533/4706 535/4707
f 530/4708 535/4709 534/4710
f 531/4711 537/4712 536/4713
f 531/4714 536/4715 532/4716
f 533/4717 532/4718 536/4719
f 533/4720 536/4721 535/4722
f 530/4723 534/4724 537/4725
f 530/4726 537/4727 531/4728
f 538/4729 539/4730 540/4731
f 538/4732 540/4733 541/4734
f 542/4735 543/4736 544/4737
f 542/4738 544/4739 545/4740
f 538/4741 541/4742 543/4743
f 538/4744 543/4745 542/4746
f 539/4747 545/4748 544/4749
f 539/4750 544/4751 540/4752
f 541/4753 540/4754 544/4755
f 541/4756 544/4757 543/4758
f 538/4759 542/4760 545/4761
f 538/4762 545/4763 539/4764
f 546/4765 547/4766 548/4767
f 546/4768 548/4769 549/4770
f 550/4771 551/4772 552/4773
f 550/4774 552/4775 553/4776
f 546/4777 549/4778 551/4779
f 546/4780 551/4781 550/4782
f 547/4783 553/4784 552/4785
f 547/4786 552/4787 548/4788
f 549/4789 548/4790 552/4791
f 549/4792 552/4793 551/4794
f 546/4795 550/4796 553/4797
f 546/4798 553/4799 547/4800
f 554/4801 555/4802 556/4803
f 554/4804 556/4805 557/4806
f 558/4807 559/4808 560/4809
f 558/4810 560/4811 561/4812
f 554/4813 557/4814 559/4815
f 554/4816 559/4817 558/4818
f 555/4819 561/4820 560/4821
f 555/4822 560/4823 556/4824
f 557/4825 556/4826 560/4827
f 557/4828 560/4829 559/4830
f 554/4831 558/4832 561/4833
f 554/4834 561/4835 555/4836
f 562/4837 563/4838 564/4839
f 562/4840 564/4841 565/4842
f 566/4843 567/4844 568/4845
f 566/4846 568/4847 569/4848
f 562/4849 565/4850 567/4851
f 562/4852 567/4853 566/4854
f 563/4855 569/4856 568/4857
f 563/4858 568/4859 564/4860
f 565/4861 564/4862 568/4863
f 565/4864 568/4865 567/4866
f 562/4867 566/4868 569/4869
f 562/4870 569/4871 563/4872
f 570/4873 571/4874 572/4875
f 570/4876 572/4877 573/4878
f 574/4879 575/4880 576/4881
f 574/4882 576/4883 577/4884
f 570/4885 573/4886 575/4887
f 570/4888 575/4889 574/4890
f 571/4891 577/4892 576/4893
f 571/4894 576/4895 572/4896
f 573/4897 572/4898 576/4899
f 573/4900 576/4901 575/4902
f 570/4903 574/4904 577/4905
f 570/4906 577/4907 571/4908
f 578/4909 579/4910 580/4911
f 578/4912 580/4913 581/4914
f 582/4915 583/4916 584/4917
f 582/4918 584/4919 585/4920
f 578/4921 581/4922 583/4923
f 578/4924 583/4925 582/4926
f 579/4927 585/4928 584/4929
f 579/4930 584/4931 580/4932
f 581/4933 580/4934 584/4935
f 581/4936 584/4937 583/4938
f 578/4939 582/4940 585/4941
f 578/4942 585/4943 579/4944
f 586/4945 587/4946 588/4947
f 586/4948 588/4949 589/4950
f 590/4951 591/4952 592/4953
f 590/4954 592/4955 593/4956
f 586/4957 589/4958 591/4959
f 586/4960 591/4961 590/4962
f 587/4963 593/4964 592/4965
f 587/4966 592/4967 588/4968
f 589/4969 588/4970 592/4971
f 589/4972 592/4973 591/4974
f 586/4975 590/4976 593/4977
f 586/4978 593/4979 587/4980
f 594/4981 595/4982 596/4983
f 594/4984 596/4985 597/4986
f 598/4987 599/4988 600/4989
f 598/4990 600/4991 601/4992
f 594/4993 597/4994 599/4995
f 594/4996 599/4997 598/4998
f 595/4999 601/5000 600/5001
f 595/5002 600/5003 596/5004
f 597/5005 596/5006 600/5007
f 597/5008 600/5009 599/5010
f 594/5011 598/5012 601/5013
f 594/5014 601/5015 595/5016
f 602/5017 603/5018 604/5019
f 602/5020 604/5021 605/5022
f 606/5023 607/5024 608/5025
f 606/5026 608/5027 609/5028
f 602/5029 605/5030 607/5031
f 602/5032 607/5033 606/5034
f 603/5035 609/5036 608/5037
f 603/5038 608/5039 604/5040
f 605/5041 604/5042 608/5043
f 605/5044 608/5045 607/5046
f 602/5047 606/5048 609/5049
f 602/5050 609/5051 603/5052
f 610/5053 611/5054 612/5055
f 610/5056 612/5057 613/5058
f 614/5059 615/5060 616/5061
f 614/5062 616/5063 617/5064
f 610/5065 613/5066 615/5067
f 610/5068 615/5069 614/5070
f 611/5071 617/5072 616/5073
f 611/5074 616/5075 612/5076
f 613/5077 612/5078 616/5079
f 613/5080 616/5081 615/5082
f 610/5083 614/5084 617/5085
f 610/5086 617/5087 611/5088
f 618/5089 619/5090 620/5091
f 618/5092 620/5093 621/5094
f 622/5095 623/5096 624/5097
f 622/5098 624/5099 625/5100
f 618/5101 621/5102 623/5103
f 618/5104 623/5105 622/5106
f 619/5107 625/5108 624/5109
f 619/5110 624/5111 620/5112
f 621/5113 620/5114 624/5115
f 621/5116 624/5117 623/5118
f 618/5119 622/5120 625/5121
f 618/5122 625/5123 619/5124
f 626/5125 627/5126 628/5127
f 626/5128 628/5129 629/5130
f 630/5131 631/5132 632/5133
f 630/5134 632/5135 633/5136
f 626/5137 629/5138 631/5139
f 626/5140 631/5141 630/5142
f 627/5143 633/5144 632/5145
f 627/5146 632/5147 628/5148
f 629/5149 628/5150 632/5151
f 629/5152 632/5153 631/5154
f 626/5155 630/5156 633/5157
f 626/5158 633/5159 627/5160
f 634/5161 635/5162 636/5163
f 634/5164 636/5165 637/5166
f 638/5167 639/5168 640/5169
f 638/5170 640/5171 641/5172
f 634/5173 637/5174 639/5175
f 634/5176 639/5177 638/5178
f 635/5179 641/5180 640/5181
f 635/5182 640/5183 636/5184
f 637/5185 636/5186 640/5187
f 637/5188 640/5189 639/5190
f 634/5191 638/5192 641/5193
f 634/5194 641/5195 635/5196
f 642/5197 643/5198 644/5199
f 642/5200 644/5201 645/5202
f 646/5203 647/5204 648/5205
f 646/5206 648/5207 649/5208
f 642/5209 645/5210 647/5211
f 642/5212 647/5213 646/5214
f 643/5215 649/5216 648/5217
f 643/5218 648/5219 644/5220
f 645/5221 644/5222 648/5223
f 645/5224 648/5225 647/5226
f 642/5227 646/5228 649/5229
f 642/5230 649/5231 643/5232
f 650/5233 651/5234 652/5235
f 650/5236 652/5237 653/5238
f 654/5239 655/5240 656/5241
f 654/5242 656/5243 657/5244
f 650/5245 653/5246 655/5247
f 650/5248 655/5249 654/5250
f 651/5251 657/5252 656/5253
f 651/5254 656/5255 652/5256
f 653/5257 652/5258 656/5259
f 653/5260 656/5261 655/5262
f 650/5263 654/5264 657/5265
f 650/5266 657/5267 651/5268
f 658/5269 659/5270 660/5271
f 658/5272 660/5273 661/5274
f 662/5275 663/5276 664/5277
f 662/5278 664/5279 665/5280
f 658/5281 661/5282 663/5283
f 658/5284 663/5285 662/5286
f 659/5287 665/5288 664/5289
f 659/5290 664/5291 660/5292
f 661/5293 660/5294 664/5295
f 661/5296 664/5297 663/5298
f 658/5299 662/5300 665/5301
f 658/5302 665/5303 659/5304
f 666/5305 667/5306 668/5307
f 666/5308 668/5309 669/5310
f 670/5311 671/5312 672/5313
f 670/5314 672/5315 673/5316
f 666/5317 669/5318 671/5319
f 666/5320 671/5321 670/5322
f 667/5323 673/5324 672/5325
f 667/5326 672/5327 668/5328
f 669/5329 668/5330 672/5331
f 669/5332 672/5333 671/5334
f 666/5335 670/5336 673/5337
f 666/5338 673/5339 667/5340
g guard
f 530/7933 531/7934 532/7935
f 530/7936 532/7937 533/7938
f 534/7939 535/7940 536/7941
f 534/7942 536/7943 537/7944
f 530/7945 533/7946 535/7947
f 530/7948 535/7949 534/7950
f 531/7951 537/7952 536/7953
f 531/7954 536/7955 532/7956
f 533/7957 532/7958 536/7959
f 533/7960 536/7961 535/7962
f 530/7963 534/7964 537/7965
f 530/7966 537/7967 531/7968
f 538/7969 539/7970 540/7971
f 538/7972 540/7973 541/7974
f 542/7975 543/7976 544/7977
f 542/7978 544/7979 545/7980
f 538/7981 541/7982 543/7983
f 538/7984 543/7985 542/7986
f 539/7987 545/7988 544/7989
f 539/7990 544/7991 540/7992
f 541/7993 540/7994 544/7995
f 541/7996 544/7997 543/7998
f 538/7999 542/8000 545/8001
f 538/8002 545/8003 539/8004
f 546/8005 547/8006 548/8007
f 546/8008 548/8009 549/8010
f 550/8011 551/8012 552/8013
f 550/8014 552/8015 553/8016
f 546/8017 549/8018 551/8019
f 546/8020 551/8021 550/8022
f 547/8023 553/8024 552/8025
f 547/8026 552/8027 548/8028
f 549/8029 548/8030 552/8031
f 549/8032 552/8033 551/8034
f 546/8035 550/8036 553/8037
f 546/8038 553/8039 547/8040
f 554/8041 555/8042 556/8043
f 554/8044 556/8045 557/8046
f 558/8047 559/8048 560/8049
f 558/8050 560/8051 561/8052
f 554/8053 557/8054 559/8055
f 554/8056 559/8057 558/8058
f 555/8059 561/8060 560/8061
f 555/8062 560/8063 556/8064
f 557/8065 556/8066 560/8067
f 557/8068 560/8069 559/8070
f 554/8071 558/8072 561/8073
f 554/8074 561/8075 555/8076
f 562/8077 563/8078 564/8079
f 562/8080 564/8081 565/8082
f 566/8083 567/8084 568/8085
f 566/8086 568/8087 569/8088
f 562/8089 565/8090 567/8091
f 562/8092 567/8093 566/8094
f 563/8095 569/8096 568/8097
f 563/8098 568/8099 564/8100
f 565/8101 564/8102 568/8103
f 565/8104 568/8105 567/8106
f 562/8107 566/8108 569/8109
f 562/8110 569/8111 563/8112
f 570/8113 571/8114 572/8115
f 570/8116 572/8117 573/8118
f 574/8119 575/8120 576/8121
f 574/8122 576/8123 577/8124
f 570/8125 573/8126 575/8127
f 570/8128 575/8129 574/8130
f 571/8131 577/8132 576/8133
f 571/8134 576/8135 572/8136
f 573/8137 572/8138 576/8139
f 573/8140 576/8141 575/8142
f 570/8143 574/8144 577/8145
f 570/8146 577/8147 571/8148
f 578/8149 579/8150 580/8151
f 578/8152 580/8153 581/8154
f 582/8155 583/8156 584/8157
f 582/8158 584/8159 585/8160
f 578/8161 581/8162 583/8163
f 578/8164 583/8165 582/8166
f 579/8167 585/8168 584/8169
f 579/8170 584/8171 580/8172
f 581/8173 580/8174 584/8175
f 581/8176 584/8177 583/8178
f 578/8179 582/8180 585/8181
f 578/8182 585/8183 579/8184
f 586/8185 587/8186 588/8187
f 586/8188 588/8189 589/8190
f 590/8191 591/8192 592/8193
f 590/8194 592/8195 593/8196
f 586/8197 589/8198 591/8199
f 586/8200 591/8201 590/8202
f 587/8203 593/8204 592/8205
f 587/8206 592/8207 588/8208
f 589/8209 588/8210 592/8211
f 589/8212 592/8213 591/8214
f 586/8215 590/8216 593/8217
f 586/8218 593/8219 587/8220
f 594/8221 595/8222 596/8223
f 594/8224 596/8225 597/8226
f 598/8227 599/8228 600/8229
f 598/8230 600/8231 601/8232
f 594/8233 597/8234 599/8235
f 594/8236 599/8237 598/8238
f 595/8239 601/8240 600/8241
f 595/8242 600/8243 596/8244
f 597/8245 596/8246 600/8247
f 597/8248 600/8249 599/8250
f 594/8251 598/8252 601/8253
f 594/8254 601/8255 595/8256
f 602/8257 603/8258 604/8259
f 602/8260 604/8261 605/8262
f 606/8263 607/8264 608/8265
f 606/8266 608/8267 609/8268
f 602/8269 605/8270 607/8271
f 602/8272 607/8273 606/8274
f 603/8275 609/8276 608/8277
f 603/8278 608/8279 604/8280
f 605/8281 604/8282 608/8283
f 605/8284 608/8285 607/8286
f 602/8287 606/8288 609/8289
f 602/8290 609/8291 603/8292
f 610/8293 611/8294 612/8295
f 610/8296 612/8297 613/8298
f 614/8299 615/8300 616/8301
f 614/8302 616/8303 617/8304
f 610/8305 613/8306 615/8307
f 610/8308 615/8309 614/8310
f 611/8311 617/8312 616/8313
f 611/8314 616/8315 612/8316
f 613/8317 612/8318 616/8319
f 613/8320 616/8321 615/8322
f 610/8323 614/8324 617/8325
f 610/8326 617/8327 611/8328
f 618/8329 619/8330 620/8331
f 618/8332 620/8333 621/8334
f 622/8335 623/8336 624/8337
f 622/8338 624/8339 625/8340
f 618/8341 621/8342 623/8343
f 618/8344 623/8345 622/8346
f 619/8347 625/8348 624/8349
f 619/8350 624/8351 620/8352
f 621/8353 620/8354 624/8355
f 621/8356 624/8357 623/8358
f 618/8359 622/8360 625/8361
f 618/8362 625/8363 619/8364
f 626/8365 627/8366 628/8367
f 626/8368 628/8369 629/8370
f 630/8371 631/8372 632/8373
f 630/8374 632/8375 633/8376
f 626/8377 629/8378 631/8379
f 626/8380 631/8381 630/8382
f 627/8383 633/8384 632/8385
f 627/8386 632/8387 628/8388
f 629/8389 628/8390 632/8391
f 629/8392 632/8393 631/8394
f 626/8395 630/8396 633/8397
f 626/8398 633/8399 627/8400
f 634/8401 635/8402 636/8403
f 634/8404 636/8405 637/8406
f 638/8407 639/8408 640/8409
f 638/8410 640/8411 641/8412
f 634/8413 637/8414 639/8415
f 634/8416 639/8417 638/8418
f 635/8419 641/8420 640/8421
f 635/8422 640/8423 636/8424
f 637/8425 636/8426 640/8427
f 637/8428 640/8429 639/8430
f 634/8431 638/8432 641/8433
f 634/8434 641/8435 635/8436
f 642/8437 643/8438 644/8439
f 642/8440 644/8441 645/8442
f 646/8443 647/8444 648/8445
f 646/8446 648/8447 649/8448
f 642/8449 645/8450 647/8451
f 642/8452 647/8453 646/8454
f 643/8455 649/8456 648/8457
f 643/8458 648/8459 644/8460
f 645/8461 644/8462 648/8463
f 645/8464 648/8465 647/8466
f 642/8467 646/8468 649/8469
f 642/8470 649/8471 643/8472
f 650/8473 651/8474 652/8475
f 650/8476 652/8477 653/8478
f 654/8479 655/8480 656/8481
f 654/8482 656/8483 657/8484
f 650/8485 653/8486 655/8487
f 650/8488 655/8489 654/8490
f 651/8491 657/8492 656/8493
f 651/8494 656/8495 652/8496
f 653/8497 652/8498 656/8499
f 653/8500 656/8501 655/8502
f 650/8503 654/8504 657/8505
f 650/8506 657/8507 651/8508
f 658/8509 659/8510 660/8511
f 658/8512 660/8513 661/8514
f 662/8515 663/8516 664/8517
f 662/8518 664/8519 665/8520
f 658/8521 661/8522 663/8523
f 658/8524 663/8525 662/8526
f 659/8527 665/8528 664/8529
f 659/8530 664/8531 660/8532
f 661/8533 660/8534 664/8535
f 661/8536 664/8537 663/8538
f 658/8539 662/8540 665/8541
f 658/8542 665/8543 659/8544
f 666/8545 667/8546 668/8547
f 666/8548 668/8549 669/8550
f 670/8551 671/8552 672/8553
f 670/8554 672/8555 673/8556
f 666/8557 669/8558 671/8559
f 666/8560 671/8561 670/8562
f 667/8563 673/8564 672/8565
f 667/8566 672/8567 668/8568
f 669/8569 668/8570 672/8571
f 669/8572 672/8573 671/8574
f 666/8575 670/8576 673/8577
f 666/8578 673/8579 667/8580
g blade_damaged
f 72/538 73/539 74/540
f 75/541 72/542 74/543
f 76/544 77/545 78/546
f 79/547 76/548 78/549
f 75/550 74/551 77/552
f 76/553 75/554 77/555
f 79/556 78/557 80/558
f 81/559 79/560 80/561
f 81/562 80/563 73/564
f 72/565 81/566 73/567
f 1/568 2/569 3/570
f 4/571 1/572 3/573
f 5/574 6/575 7/576
f 8/577 5/578 7/579
f 6/580 9/581 10/582
f 7/583 6/584 10/585
f 9/586 1/587 4/588
f 10/589 9/590 4/591
f 2/592 11/593 12/594
f 3/595 2/596 12/597
f 11/598 5/599 8/600
f 12/601 11/602 8/603
f 8/604 7/605 10/606
f 4/607 8/608 10/609
f 12/610 8/611 4/612
f 3/613 12/614 4/615
f 13/616 14/617 15/618
f 16/619 13/620 15/621
f 17/622 18/623 19/624
f 20/625 17/626 19/627
f 13/628 16/629 21/630
f 22/631 13/632 21/633
f 17/634 20/635 23/636
f 24/637 17/638 23/639
f 25/640 26/641 14/642
f 13/643 25/644 14/645
f 25/646 20/647 19/648
f 26/649 25/650 19/651
f 14/652 26/653 27/654
f 15/655 14/656 27/657
f 26/658 19/659 18/660
f 27/661 26/662 18/663
f 15/664 27/665 28/666
f 16/667 15/668 28/669
f 27/670 18/671 17/672
f 28/673 27/674 17/675
f 20/676 25/677 29/678
f 23/679 20/680 29/681
f 25/682 13/683 22/684
f 29/685 25/686 22/687
f 16/688 28/689 30/690
f 21/691 16/692 30/693
f 28/694 17/695 24/696
f 30/697 28/698 24/699
f 530/5341 531/5342 532/5343
f 530/5344 532/5345 533/5346
f 534/5347 535/5348 536/5349
f 534/5350 536/5351 537/5352
f 530/5353 533/5354 535/5355
f 530/5356 535/5357 534/5358
f 531/5359 537/5360 536/5361
f 531/5362 536/5363 532/5364
f 533/5365 532/5366 536/5367
f 533/5368 536/5369 535/5370
f 530/5371 534/5372 537/5373
f 530/5374 537/5375 531/5376
f 538/5377 539/5378 540/5379
f 538/5380 540/5381 541/5382
f 542/5383 543/5384 544/5385
f 542/5386 544/5387 545/5388
f 538/5389 541/5390 543/5391
f 538/5392 543/5393 542/5394
f 539/5395 545/5396 544/5397
f 539/5398 544/5399 540/5400
f 541/5401 540/5402 544/5403
f 541/5404 544/5405 543/5406
f 538/5407 542/5408 545/5409
f 538/5410 545/5411 539/5412
f 546/5413 547/5414 548/5415
f 546/5416 548/5417 549/5418
f 550/5419 551/5420 552/5421
f 550/5422 552/5423 553/5424
f 546/5425 549/5426 551/5427
f 546/5428 551/5429 550/5430
f 547/5431 553/5432 552/5433
f 547/5434 552/5435 548/5436
f 549/5437 548/5438 552/5439
f 549/5440 552/5441 551/5442
f 546/5443 550/5444 553/5445
f 546/5446 553/5447 547/5448
f 554/5449 555/5450 556/5451
f 554/5452 556/5453 557/5454
f 558/5455 559/5456 560/5457
f 558/5458 560/5459 561/5460
f 554/5461 557/5462 559/5463
f 554/5464 559/5465 558/5466
f 555/5467 561/5468 560/5469
f 555/5470 560/5471 556/5472
f 557/5473 556/5474 560/5475
f 557/5476 560/5477 559/5478
f 554/5479 558/5480 561/5481
f 554/5482 561/5483 555/5484
f 562/5485 563/5486 564/5487
f 562/5488 564/5489 565/5490
f 566/5491 567/5492 568/5493
f 566/5494 568/5495 569/5496
f 562/5497 565/5498 567/5499
f 562/5500 567/5501 566/5502
f 563/5503 569/5504 568/5505
f 563/5506 568/5507 564/5508
f 565/5509 564/5510 568/5511
f 565/5512 568/5513 567/5514
f 562/5515 566/5516 569/5517
f 562/5518 569/5519 563/5520
f 570/5521 571/5522 572/5523
f 570/5524 572/5525 573/5526
f 574/5527 575/5528 576/5529
f 574/5530 576/5531 577/5532
f 570/5533 573/5534 575/5535
f 570/5536 575/5537 574/5538
f 571/5539 577/5540 576/5541
f 571/5542 576/5543 572/5544
f 573/5545 572/5546 576/5547
f 573/5548 576/5549 575/5550
f 570/5551 574/5552 577/5553
f 570/5554 577/5555 571/5556
f 578/5557 579/5558 580/5559
f 578/5560 580/5561 581/5562
f 582/5563 583/5564 584/5565
f 582/5566 584/5567 585/5568
f 578/5569 581/5570 583/5571
f 578/5572 583/5573 582/5574
f 579/5575 585/5576 584/5577
f 579/5578 584/5579 580/5580
f 581/5581 580/5582 584/5583
f 581/5584 584/5585 583/5586
f 578/5587 582/5588 585/5589
f 578/5590 585/5591 579/5592
f 586/5593 587/5594 588/5595
f 586/5596 588/5597 589/5598
f 590/5599 591/5600 592/5601
f 590/5602 592/5603 593/5604
f 586/5605 589/5606 591/5607
f 586/5608 591/5609 590/5610
f 587/5611 593/5612 592/5613
f 587/5614 592/5615 588/5616
f 589/5617 588/5618 592/5619
f 589/5620 592/5621 591/5622
f 586/5623 590/5624 593/5625
f 586/5626 593/5627 587/5628
f 594/5629 595/5630 596/5631
f 594/5632 596/5633 597/5634
f 598/5635 599/5636 600/5637
f 598/5638 600/5639 601/5640
f 594/5641 597/5642 599/5643
f 594/5644 599/5645 598/5646
f 595/5647 601/5648 600/5649
f 595/5650 600/5651 596/5652
f 597/5653 596/5654 600/5655
f 597/5656 600/5657 599/5658
f 594/5659 598/5660 601/5661
f 594/5662 601/5663 595/5664
f 602/5665 603/5666 604/5667
f 602/5668 604/5669 605/5670
f 606/5671 607/5672 608/5673
f 606/5674 608/5675 609/5676
f 602/5677 605/5678 607/5679
f 602/5680 607/5681 606/5682
f 603/5683 609/5684 608/5685
f 603/5686 608/5687 604/5688
f 605/5689 604/5690 608/5691
f 605/5692 608/5693 607/5694
f 602/5695 606/5696 609/5697
f 602/5698 609/5699 603/5700
f 610/5701 611/5702 612/5703
f 610/5704 612/5705 613/5706
f 614/5707 615/5708 616/5709
f 614/5710 616/5711 617/5712
f 610/5713 613/5714 615/5715
f 610/5716 615/5717 614/5718
f 611/5719 617/5720 616/5721
f 611/5722 616/5723 612/5724
f 613/5725 612/5726 616/5727
f 613/5728 616/5729 615/5730
f 610/5731 614/5732 617/5733
f 610/5734 617/5735 611/5736
f 618/5737 619/5738 620/5739
f 618/5740 620/5741 621/5742
f 622/5743 623/5744 624/5745
f 622/5746 624/5747 625/5748
f 618/5749 621/5750 623/5751
f 618/5752 623/5753 622/5754
f 619/5755 625/5756 624/5757
f 619/5758 624/5759 620/5760
f 621/5761 620/5762 624/5763
f 621/5764 624/5765 623/5766
f 618/5767 622/5768 625/5769
f 618/5770 625/5771 619/5772
f 626/5773 627/5774 628/5775
f 626/5776 628/5777 629/5778
f 630/5779 631/5780 632/5781
f 630/5782 632/5783 633/5784
f 626/5785 629/5786 631/5787
f 626/5788 631/5789 630/5790
f 627/5791 633/5792 632/5793
f 627/5794 632/5795 628/5796
f 629/5797 628/5798 632/5799
f 629/5800 632/5801 631/5802
f 626/5803 630/5804 633/5805
f 626/5806 633/5807 627/5808
f 634/5809 635/5810 636/5811
f 634/5812 636/5813 637/5814
f 638/5815 639/5816 640/5817
f 638/5818 640/5819 641/5820
f 634/5821 637/5822 639/5823
f 634/5824 639/5825 638/5826
f 635/5827 641/5828 640/5829
f 635/5830 640/5831 636/5832
f 637/5833 636/5834 640/5835
f 637/5836 640/5837 639/5838
f 634/5839 638/5840 641/5841
f 634/5842 641/5843 635/5844
f 642/5845 643/5846 644/5847
f 642/5848 644/5849 645/5850
f 646/5851 647/5852 648/5853
f 646/5854 648/5855 649/5856
f 642/5857 645/5858 647/5859
f 642/5860 647/5861 646/5862
f 643/5863 649/5864 648/5865
f 643/5866 648/5867 644/5868
f 645/5869 644/5870 648/5871
f 645/5872 648/5873 647/5874
f 642/5875 646/5876 649/5877
f 642/5878 649/5879 643/5880
f 650/5881 651/5882 652/5883
f 650/5884 652/5885 653/5886
f 654/5887 655/5888 656/5889
f 654/5890 656/5891 657/5892
f 650/5893 653/5894 655/5895
f 650/5896 655/5897 654/5898
f 651/5899 657/5900 656/5901
f 651/5902 656/5903 652/5904
f 653/5905 652/5906 656/5907
f 653/5908 656/5909 655/5910
f 650/5911 654/5912 657/5913
f 650/5914 657/5915 651/5916
f 658/5917 659/5918 660/5919
f 658/5920 660/5921 661/5922
f 662/5923 663/5924 664/5925
f 662/5926 664/5927 665/5928
f 658/5929 661/5930 663/5931
f 658/5932 663/5933 662/5934
f 659/5935 665/5936 664/5937
f 659/5938 664/5939 660/5940
f 661/5941 660/5942 664/5943
f 661/5944 664/5945 663/5946
f 658/5947 662/5948 665/5949
f 658/5950 665/5951 659/5952
f 666/5953 667/5954 668/5955
f 666/5956 668/5957 669/5958
f 670/5959 671/5960 672/5961
f 670/5962 672/5963 673/5964
f 666/5965 669/5966 671/5967
f 666/5968 671/5969 670/5970
f 667/5971 673/5972 672/5973
f 667/5974 672/5975 668/5976
f 669/5977 668/5978 672/5979
f 669/5980 672/5981 671/5982
f 666/5983 670/5984 673/5985
f 666/5986 673/5987 667/5988
g blade_fragment
f 55/700 56/701 57/702
f 56/703 58/704 57/705
f 59/706 60/707 61/708
f 59/709 61/710 57/711
f 58/712 59/713 57/714
f 60/715 55/716 57/717
f 61/718 60/719 57/720
f 58/721 62/722 63/723
f 59/724 58/725 63/726
f 55/727 60/728 64/729
f 65/730 55/731 64/732
f 60/733 59/734 63/735
f 64/736 60/737 63/738
f 55/739 65/740 66/741
f 56/742 55/743 66/744
f 58/745 56/746 66/747
f 62/748 58/749 66/750
f 63/751 62/752 67/753
f 68/754 63/755 67/756
f 65/757 64/758 69/759
f 70/760 65/761 69/762
f 64/763 63/764 68/765
f 69/766 64/767 68/768
f 66/769 65/770 70/771
f 71/772 66/773 70/774
f 62/775 66/776 71/777
f 67/778 62/779 71/780
f 68/781 67/782 72/783
f 75/784 68/785 72/786
f 70/787 69/788 76/789
f 79/790 70/791 76/792
f 69/793 68/794 75/795
f 76/796 69/797 75/798
f 71/799 70/800 79/801
f 81/802 71/803 79/804
f 67/805 71/806 81/807
f 72/808 67/809 81/810
g sheath
f 82/811 83/812 84/813
f 85/814 84/815 86/816
f 86/817 87/818 88/819
f 89/820 88/821 90/822
f 91/823 90/824 92/825
f 93/826 92/827 94/828
f 95/829 96/830 94/831
f 96/832 95/833 97/834
f 97/835 98/836 99/837
f 100/838 99/839 101/840
f 102/841 101/842 103/843
f 103/844 104/845 105/846
f 106/847 107/848 105/849
f 108/850 107/851 109/852
f 109/853 110/854 111/855
f 112/856 111/857 113/858
f 114/859 113/860 115/861
f 115/862 116/863 117/864
f 118/865 117/866 119/867
f 119/868 120/869 121/870
f 122/871 121/872 123/873
f 124/874 123/875 125/876
f 125/877 126/878 127/879
f 128/880 127/881 129/882
f 130/883 129/884 131/885
f 132/886 133/887 131/888
f 134/889 135/890 133/891
f 136/892 137/893 135/894
f 137/895 138/896 139/897
f 140/898 141/899 139/900
f 142/901 143/902 141/903
f 143/904 144/905 145/906
f 146/907 147/908 145/909
f 148/910 147/911 149/912
f 149/913 150/914 151/915
f 152/916 151/917 153/918
f 154/919 153/920 155/921
f 156/922 155/923 157/924
f 158/925 159/926 157/927
f 159/928 158/929 160/930
f 160/931 161/932 162/933
f 163/934 162/935 164/936
f 165/937 164/938 166/939
f 165/940 166/941 167/942
f 168/943 169/944 167/945
f 170/946 169/947 171/948
f 171/949 169/950 168/951
f 167/952 169/953 170/954
f 165/955 167/956 170/957
f 164/958 172/959 166/960
f 165/961 170/962 164/963
f 170/964 173/965 164/966
f 164/967 173/968 163/969
f 173/970 174/971 163/972
f 162/973 172/974 164/975
f 166/976 172/977 161/978
f 161/979 172/980 162/981
f 158/982 161/983 160/984
f 159/985 156/986 157/987
f 162/988 156/989 160/990
f 156/991 159/992 160/993
f 174/994 156/995 163/996
f 156/997 162/998 163/999
f 155/1000 156/1001 154/1002
f 156/1003 174/1004 154/1005
f 174/1006 173/1007 154/1008
f 153/1009 173/1010 170/1011
f 173/1012 153/1013 154/1014
f 152/1015 153/1016 170/1017
f 152/1018 170/1019 171/1020
f 151/1021 175/1022 176/1023
f 152/1024 171/1025 151/1026
f 171/1027 175/1028 151/1029
f 151/1030 150/1031 153/1032
f 153/1033 150/1034 155/1035
f 157/1036 155/1037 149/1038
f 155/1039 150/1040 149/1041
f 149/1042 158/1043 157/1044
f 148/1045 149/1046 151/1047
f 148/1048 151/1049 176/1050
f 147/1051 158/1052 149/1053
f 161/1054 158/1055 147/1056
f 148/1057 176/1058 147/1059
f 176/1060 177/1061 147/1062
f 146/1063 161/1064 147/1065
f 146/1066 166/1067 161/1068
f 147/1069 177/1070 145/1071
f 146/1072 145/1073 166/1074
f 166/1075 144/1076 167/1077
f 145/1078 144/1079 166/1080
f 167/1081 144/1082 143/1083
f 142/1084 167/1085 143/1086
f 142/1087 168/1088 167/1089
f 143/1090 178/1091 141/1092
f 142/1093 141/1094 168/1095
f 141/1096 179/1097 168/1098
f 180/1099 179/1100 141/1101
f 181/1102 182/1103 180/1104
f 183/1105 181/1106 184/1107
f 184/1108 185/1109 186/1110
f 187/1111 186/1112 188/1113
f 187/1114 188/1115 189/1116
f 187/1117 189/1118 190/1119
f 187/1120 190/1121 186/1122
f 190/1123 191/1124 186/1125
f 186/1126 191/1127 192/1128
f 188/1129 185/1130 193/1131
f 186/1132 185/1133 188/1134
f 193/1135 185/1136 184/1137
f 183/1138 184/1139 186/1140
f 183/1141 186/1142 192/1143
f 183/1144 192/1145 181/1146
f 192/1147 182/1148 181/1149
f 140/1150 180/1151 141/1152
f 140/1153 181/1154 180/1155
f 141/1156 178/1157 139/1158
f 140/1159 139/1160 181/1161
f 181/1162 138/1163 184/1164
f 139/1165 138/1166 181/1167
f 184/1168 138/1169 137/1170
f 136/1171 184/1172 137/1173
f 136/1174 193/1175 184/1176
f 137/1177 194/1178 135/1179
f 136/1180 135/1181 193/1182
f 135/1183 195/1184 193/1185
f 135/1186 194/1187 133/1188
f 133/1189 194/1190 131/1191
f 131/1192 194/1193 137/1194
f 130/1195 131/1196 137/1197
f 130/1198 137/1199 139/1200
f 129/1201 178/1202 143/1203
f 130/1204 139/1205 129/1206
f 139/1207 178/1208 129/1209
f 128/1210 129/1211 143/1212
f 128/1213 143/1214 145/1215
f 127/1216 177/1217 176/1218
f 128/1219 145/1220 127/1221
f 145/1222 177/1223 127/1224
f 127/1225 126/1226 129/1227
f 129/1228 126/1229 131/1230
f 132/1231 131/1232 125/1233
f 131/1234 126/1235 125/1236
f 124/1237 125/1238 127/1239
f 124/1240 127/1241 176/1242
f 123/1243 175/1244 171/1245
f 124/1246 176/1247 123/1248
f 176/1249 175/1250 123/1251
f 168/1252 179/1253 122/1254
f 122/1255 123/1256 171/1257
f 122/1258 171/1259 168/1260
f 179/1261 121/1262 122/1263
f 121/1264 179/1265 180/1266
f 123/1267 120/1268 125/1269
f 121/1270 120/1271 123/1272
f 132/1273 125/1274 119/1275
f 125/1276 120/1277 119/1278
f 132/1279 119/1280 133/1281
f 118/1282 119/1283 121/1284
f 118/1285 121/1286 180/1287
f 117/1288 182/1289 192/1290
f 118/1291 180/1292 117/1293
f 180/1294 182/1295 117/1296
f 117/1297 116/1298 119/1299
f 119/1300 116/1301 133/1302
f 134/1303 133/1304 115/1305
f 133/1306 116/1307 115/1308
f 114/1309 115/1310 117/1311
f 114/1312 117/1313 192/1314
f 113/1315 191/1316 190/1317
f 114/1318 192/1319 113/1320
f 192/1321 191/1322 113/1323
f 112/1324 113/1325 190/1326
f 111/1327 196/1328 197/1329
f 198/1330 199/1331 197/1332
f 111/1333 110/1334 113/1335
f 113/1336 110/1337 115/1338
f 134/1339 115/1340 109/1341
f 115/1342 110/1343 109/1344
f 134/1345 109/1346 135/1347
f 109/1348 195/1349 135/1350
f 108/1351 109/1352 111/1353
f 108/1354 111/1355 197/1356
f 107/1357 195/1358 109/1359
f 108/1360 197/1361 107/1362
f 197/1363 199/1364 107/1365
f 193/1366 195/1367 106/1368
f 195/1369 107/1370 106/1371
f 106/1372 188/1373 193/1374
f 107/1375 199/1376 105/1377
f 105/1378 199/1379 198/1380
f 106/1381 105/1382 188/1383
f 188/1384 104/1385 189/1386
f 105/1387 104/1388 188/1389
f 200/1390 189/1391 103/1392
f 189/1393 104/1394 103/1395
f 102/1396 105/1397 198/1398
f 102/1399 103/1400 105/1401
f 101/1402 201/1403 103/1404
f 102/1405 198/1406 101/1407
f 198/1408 202/1409 101/1410
f 101/1411 202/1412 100/1413
f 202/1414 203/1415 100/1416
f 99/1417 201/1418 101/1419
f 200/1420 103/1421 98/1422
f 103/1423 201/1424 98/1425
f 98/1426 201/1427 99/1428
f 95/1429 98/1430 97/1431
f 96/1432 93/1433 94/1434
f 99/1435 93/1436 97/1437
f 93/1438 96/1439 97/1440
f 203/1441 93/1442 100/1443
f 93/1444 99/1445 100/1446
f 92/1447 93/1448 91/1449
f 93/1450 203/1451 91/1452
f 203/1453 202/1454 91/1455
f 90/1456 202/1457 198/1458
f 202/1459 90/1460 91/1461
f 89/1462 90/1463 198/1464
f 89/1465 198/1466 197/1467
f 89/1468 197/1469 88/1470
f 197/1471 196/1472 88/1473
f 88/1474 87/1475 90/1476
f 90/1477 87/1478 92/1479
f 94/1480 92/1481 86/1482
f 92/1483 87/1484 86/1485
f 86/1486 95/1487 94/1488
f 85/1489 86/1490 88/1491
f 84/1492 95/1493 86/1494
f 200/1495 98/1496 84/1497
f 98/1498 95/1499 84/1500
f 200/1501 84/1502 189/1503
f 189/1504 83/1505 190/1506
f 84/1507 83/1508 189/1509
f 112/1510 82/1511 111/1512
f 82/1513 196/1514 111/1515
f 85/1516 88/1517 82/1518
f 88/1519 196/1520 82/1521
f 112/1522 190/1523 82/1524
f 190/1525 83/1526 82/1527
f 85/1528 82/1529 84/1530
f 204/1531 205/1532 206/1533
f 207/1534 206/1535 208/1536
f 208/1537 209/1538 210/1539
f 211/1540 212/1541 210/1542
f 213/1543 212/1544 214/1545
f 215/1546 213/1547 216/1548
f 217/1549 218/1550 216/1551
f 218/1552 219/1553 220/1554
f 219/1555 221/1556 220/1557
f 222/1558 223/1559 219/1560
f 224/1561 223/1562 225/1563
f 226/1564 225/1565 227/1566
f 227/1567 228/1568 229/1569
f 229/1570 230/1571 231/1572
f 231/1573 232/1574 233/1575
f 232/1576 234/1577 233/1578
f 233/1579 235/1580 231/1581
f 236/1582 235/1583 237/1584
f 235/1585 236/1586 231/1587
f 230/1588 232/1589 231/1590
f 228/1591 230/1592 229/1593
f 234/1594 228/1595 227/1596
f 233/1597 234/1598 227/1599
f 229/1600 231/1601 226/1602
f 231/1603 236/1604 226/1605
f 229/1606 226/1607 227/1608
f 227/1609 225/1610 233/1611
f 225/1612 235/1613 233/1614
f 226/1615 236/1616 224/1617
f 236/1618 237/1619 224/1620
f 226/1621 224/1622 225/1623
f 225/1624 223/1625 235/1626
f 235/1627 222/1628 237/1629
f 223/1630 222/1631 235/1632
f 223/1633 238/1634 219/1635
f 219/1636 238/1637 239/1638
f 221/1639 219/1640 239/1641
f 237/1642 222/1643 218/1644
f 222/1645 219/1646 218/1647
f 237/1648 218/1649 224/1650
f 218/1651 217/1652 224/1653
f 224/1654 217/1655 223/1656
f 217/1657 238/1658 223/1659
f 218/1660 220/1661 216/1662
f 238/1663 217/1664 216/1665
f 239/1666 238/1667 216/1668
f 220/1669 215/1670 216/1671
f 216/1672 213/1673 239/1674
f 240/1675 241/1676 211/1677
f 242/1678 214/1679 211/1680
f 214/1681 212/1682 211/1683
f 242/1684 211/1685 243/1686
f 211/1687 241/1688 243/1689
f 210/1690 240/1691 211/1692
f 209/1693 240/1694 210/1695
f 242/1696 243/1697 209/1698
f 214/1699 242/1700 208/1701
f 208/1702 242/1703 209/1704
f 212/1705 213/1706 207/1707
f 213/1708 215/1709 207/1710
f 212/1711 207/1712 210/1713
f 210/1714 207/1715 208/1716
f 206/1717 214/1718 208/1719
f 213/1720 205/1721 239/1722
f 205/1723 213/1724 214/1725
f 205/1726 214/1727 206/1728
f 215/1729 204/1730 207/1731
f 204/1732 206/1733 207/1734
f 221/1735 204/1736 220/1737
f 204/1738 215/1739 220/1740
f 221/1741 239/1742 204/1743
f 239/1744 205/1745 204/1746
f 244/1747 245/1748 246/1749
f 247/1750 246/1751 248/1752
f 249/1753 250/1754 248/1755
f 251/1756 250/1757 252/1758
f 253/1759 254/1760 252/1761
f 255/1762 256/1763 253/1764
f 257/1765 258/1766 255/1767
f 259/1768 258/1769 257/1770
f 258/1771 256/1772 255/1773
f 257/1774 255/1775 260/1776
f 255/1777 261/1778 260/1779
f 262/1780 261/1781 255/1782
f 256/1783 254/1784 253/1785
f 253/1786 262/1787 255/1788
f 253/1789 252/1790 262/1791
f 252/1792 263/1793 262/1794
f 254/1795 251/1796 252/1797
f 250/1798 249/1799 252/1800
f 252/1801 249/1802 263/1803
f 249/1804 264/1805 263/1806
f 250/1807 265/1808 248/1809
f 249/1810 248/1811 264/1812
f 248/1813 266/1814 264/1815
f 248/1816 265/1817 247/1818
f 265/1819 267/1820 247/1821
f 246/1822 266/1823 248/1824
f 257/1825 260/1826 245/1827
f 244/1828 259/1829 257/1830
f 244/1831 257/1832 245/1833
f 247/1834 267/1835 244/1836
f 267/1837 259/1838 244/1839
f 247/1840 244/1841 246/1842
g item_blade
f 268/1843 269/1844 270/1845
f 271/1846 268/1847 270/1848
f 272/1849 273/1850 274/1851
f 275/1852 272/1853 274/1854
f 276/1855 277/1856 269/1857
f 268/1858 276/1859 269/1860
f 276/1861 275/1862 274/1863
f 277/1864 276/1865 274/1866
f 269/1867 277/1868 278/1869
f 270/1870 269/1871 278/1872
f 277/1873 274/1874 273/1875
f 278/1876 277/1877 273/1878
f 270/1879 278/1880 279/1881
f 271/1882 270/1883 279/1884
f 278/1885 273/1886 272/1887
f 279/1888 278/1889 272/1890
f 280/1891 281/1892 282/1893
f 281/1894 283/1895 282/1896
f 284/1897 285/1898 286/1899
f 284/1900 286/1901 282/1902
f 283/1903 284/1904 282/1905
f 285/1906 280/1907 282/1908
f 286/1909 285/1910 282/1911
f 283/1912 287/1913 288/1914
f 284/1915 283/1916 288/1917
f 280/1918 285/1919 289/1920
f 290/1921 280/1922 289/1923
f 285/1924 284/1925 288/1926
f 289/1927 285/1928 288/1929
f 280/1930 290/1931 291/1932
f 281/1933 280/1934 291/1935
f 283/1936 281/1937 291/1938
f 287/1939 283/1940 291/1941
f 288/1942 287/1943 292/1944
f 293/1945 288/1946 292/1947
f 290/1948 289/1949 294/1950
f 295/1951 290/1952 294/1953
f 289/1954 288/1955 293/1956
f 294/1957 289/1958 293/1959
f 291/1960 290/1961 295/1962
f 296/1963 291/1964 295/1965
f 287/1966 291/1967 296/1968
f 292/1969 287/1970 296/1971
f 297/1972 298/1973 299/1974
f 300/1975 297/1976 299/1977
f 293/1978 292/1979 297/1980
f 300/1981 293/1982 297/1983
f 301/1984 302/1985 303/1986
f 304/1987 301/1988 303/1989
f 295/1990 294/1991 301/1992
f 304/1993 295/1994 301/1995
f 300/1996 299/1997 302/1998
f 301/1999 300/2000 302/2001
f 294/2002 293/2003 300/2004
f 301/2005 294/2006 300/2007
f 304/2008 303/2009 305/2010
f 306/2011 304/2012 305/2013
f 296/2014 295/2015 304/2016
f 306/2017 296/2018 304/2019
f 306/2020 305/2021 298/2022
f 297/2023 306/2024 298/2025
f 292/2026 296/2027 306/2028
f 297/2029 292/2030 306/2031
f 307/2032 308/2033 309/2034
f 310/2035 307/2036 309/2037
f 311/2038 312/2039 313/2040
f 314/2041 311/2042 313/2043
f 312/2044 315/2045 316/2046
f 313/2047 312/2048 316/2049
f 315/2050 307/2051 310/2052
f 316/2053 315/2054 310/2055
f 308/2056 317/2057 318/2058
f 309/2059 308/2060 318/2061
f 317/2062 311/2063 314/2064
f 318/2065 317/2066 314/2067
f 314/2068 313/2069 316/2070
f 310/2071 314/2072 316/2073
f 318/2074 314/2075 310/2076
f 309/2077 318/2078 310/2079
f 268/2080 271/2081 319/2082
f 320/2083 268/2084 319/2085
f 272/2086 275/2087 321/2088
f 322/2089 272/2090 321/2091
f 275/2092 276/2093 323/2094
f 321/2095 275/2096 323/2097
f 276/2098 268/2099 320/2100
f 323/2101 276/2102 320/2103
f 271/2104 279/2105 324/2106
f 319/2107 271/2108 324/2109
f 279/2110 272/2111 322/2112
f 324/2113 279/2114 322/2115
f 325/2116 326/2117 327/2118
f 328/2119 327/2120 329/2121
f 329/2122 330/2123 331/2124
f 332/2125 331/2126 333/2127
f 334/2128 333/2129 335/2130
f 336/2131 335/2132 337/2133
f 338/2134 339/2135 337/2136
f 339/2137 338/2138 340/2139
f 340/2140 341/2141 342/2142
f 343/2143 342/2144 344/2145
f 345/2146 344/2147 346/2148
f 346/2149 347/2150 348/2151
f 349/2152 350/2153 348/2154
f 351/2155 350/2156 352/2157
f 352/2158 353/2159 354/2160
f 355/2161 354/2162 356/2163
f 357/2164 356/2165 358/2166
f 358/2167 359/2168 360/2169
f 361/2170 360/2171 362/2172
f 362/2173 363/2174 364/2175
f 365/2176 364/2177 366/2178
f 367/2179 366/2180 368/2181
f 368/2182 369/2183 370/2184
f 371/2185 370/2186 372/2187
f 373/2188 372/2189 374/2190
f 375/2191 376/2192 374/2193
f 377/2194 378/2195 376/2196
f 379/2197 380/2198 378/2199
f 380/2200 381/2201 382/2202
f 383/2203 384/2204 382/2205
f 385/2206 386/2207 384/2208
f 386/2209 387/2210 388/2211
f 389/2212 390/2213 388/2214
f 391/2215 390/2216 392/2217
f 392/2218 393/2219 394/2220
f 395/2221 394/2222 396/2223
f 397/2224 396/2225 398/2226
f 399/2227 398/2228 400/2229
f 401/2230 402/2231 400/2232
f 402/2233 401/2234 403/2235
f 403/2236 404/2237 405/2238
f 406/2239 405/2240 407/2241
f 408/2242 407/2243 409/2244
f 408/2245 409/2246 410/2247
f 411/2248 412/2249 410/2250
f 413/2251 412/2252 414/2253
f 414/2254 412/2255 411/2256
f 410/2257 412/2258 413/2259
f 408/2260 410/2261 413/2262
f 407/2263 415/2264 409/2265
f 408/2266 413/2267 407/2268
f 413/2269 416/2270 407/2271
f 407/2272 416/2273 406/2274
f 416/2275 417/2276 406/2277
f 405/2278 415/2279 407/2280
f 409/2281 415/2282 404/2283
f 404/2284 415/2285 405/2286
f 401/2287 404/2288 403/2289
f 402/2290 399/2291 400/2292
f 405/2293 399/2294 403/2295
f 399/2296 402/2297 403/2298
f 417/2299 399/2300 406/2301
f 399/2302 405/2303 406/2304
f 398/2305 399/2306 397/2307
f 399/2308 417/2309 397/2310
f 417/2311 416/2312 397/2313
f 396/2314 416/2315 413/2316
f 416/2317 396/2318 397/2319
f 395/2320 396/2321 413/2322
f 395/2323 413/2324 414/2325
f 394/2326 418/2327 419/2328
f 395/2329 414/2330 394/2331
f 414/2332 418/2333 394/2334
f 394/2335 393/2336 396/2337
f 396/2338 393/2339 398/2340
f 400/2341 398/2342 392/2343
f 398/2344 393/2345 392/2346
f 392/2347 401/2348 400/2349
f 391/2350 392/2351 394/2352
f 391/2353 394/2354 419/2355
f 390/2356 401/2357 392/2358
f 404/2359 401/2360 390/2361
f 391/2362 419/2363 390/2364
f 419/2365 420/2366 390/2367
f 389/2368 404/2369 390/2370
f 389/2371 409/2372 404/2373
f 390/2374 420/2375 388/2376
f 389/2377 388/2378 409/2379
f 409/2380 387/2381 410/2382
f 388/2383 387/2384 409/2385
f 410/2386 387/2387 386/2388
f 385/2389 410/2390 386/2391
f 385/2392 411/2393 410/2394
f 386/2395 421/2396 384/2397
f 385/2398 384/2399 411/2400
f 384/2401 422/2402 411/2403
f 423/2404 422/2405 384/2406
f 424/2407 425/2408 423/2409
f 426/2410 424/2411 427/2412
f 427/2413 428/2414 429/2415
f 430/2416 429/2417 431/2418
f 430/2419 431/2420 432/2421
f 430/2422 432/2423 433/2424
f 430/2425 433/2426 429/2427
f 433/2428 434/2429 429/2430
f 429/2431 434/2432 435/2433
f 431/2434 428/2435 436/2436
f 429/2437 428/2438 431/2439
f 436/2440 428/2441 427/2442
f 426/2443 427/2444 429/2445
f 426/2446 429/2447 435/2448
f 426/2449 435/2450 424/2451
f 435/2452 425/2453 424/2454
f 383/2455 423/2456 384/2457
f 383/2458 424/2459 423/2460
f 384/2461 421/2462 382/2463
f 383/2464 382/2465 424/2466
f 424/2467 381/2468 427/2469
f 382/2470 381/2471 424/2472
f 427/2473 381/2474 380/2475
f 379/2476 427/2477 380/2478
f 379/2479 436/2480 427/2481
f 380/2482 437/2483 378/2484
f 379/2485 378/2486 436/2487
f 378/2488 438/2489 436/2490
f 378/2491 437/2492 376/2493
f 376/2494 437/2495 374/2496
f 374/2497 437/2498 380/2499
f 373/2500 374/2501 380/2502
f 373/2503 380/2504 382/2505
f 372/2506 421/2507 386/2508
f 373/2509 382/2510 372/2511
f 382/2512 421/2513 372/2514
f 371/2515 372/2516 386/2517
f 371/2518 386/2519 388/2520
f 370/2521 420/2522 419/2523
f 371/2524 388/2525 370/2526
f 388/2527 420/2528 370/2529
f 370/2530 369/2531 372/2532
f 372/2533 369/2534 374/2535
f 375/2536 374/2537 368/2538
f 374/2539 369/2540 368/2541
f 367/2542 368/2543 370/2544
f 367/2545 370/2546 419/2547
f 366/2548 418/2549 414/2550
f 367/2551 419/2552 366/2553
f 419/2554 418/2555 366/2556
f 411/2557 422/2558 365/2559
f 365/2560 366/2561 414/2562
f 365/2563 414/2564 411/2565
f 422/2566 364/2567 365/2568
f 364/2569 422/2570 423/2571
f 366/2572 363/2573 368/2574
f 364/2575 363/2576 366/2577
f 375/2578 368/2579 362/2580
f 368/2581 363/2582 362/2583
f 375/2584 362/2585 376/2586
f 361/2587 362/2588 364/2589
f 361/2590 364/2591 423/2592
f 360/2593 425/2594 435/2595
f 361/2596 423/2597 360/2598
f 423/2599 425/2600 360/2601
f 360/2602 359/2603 362/2604
f 362/2605 359/2606 376/2607
f 377/2608 376/2609 358/2610
f 376/2611 359/2612 358/2613
f 357/2614 358/2615 360/2616
f 357/2617 360/2618 435/2619
f 356/2620 434/2621 433/2622
f 357/2623 435/2624 356/2625
f 435/2626 434/2627 356/2628
f 355/2629 356/2630 433/2631
f 354/2632 439/2633 440/2634
f 441/2635 442/2636 440/2637
f 354/2638 353/2639 356/2640
f 356/2641 353/2642 358/2643
f 377/2644 358/2645 352/2646
f 358/2647 353/2648 352/2649
f 377/2650 352/2651 378/2652
f 352/2653 438/2654 378/2655
f 351/2656 352/2657 354/2658
f 351/2659 354/2660 440/2661
f 350/2662 438/2663 352/2664
f 351/2665 440/2666 350/2667
f 440/2668 442/2669 350/2670
f 436/2671 438/2672 349/2673
f 438/2674 350/2675 349/2676
f 349/2677 431/2678 436/2679
f 350/2680 442/2681 348/2682
f 348/2683 442/2684 441/2685
f 349/2686 348/2687 431/2688
f 431/2689 347/2690 432/2691
f 348/2692 347/2693 431/2694
f 443/2695 432/2696 346/2697
f 432/2698 347/2699 346/2700
f 345/2701 348/2702 441/2703
f 345/2704 346/2705 348/2706
f 344/2707 444/2708 346/2709
f 345/2710 441/2711 344/2712
f 441/2713 445/2714 344/2715
f 344/2716 445/2717 343/2718
f 445/2719 446/2720 343/2721
f 342/2722 444/2723 344/2724
f 443/2725 346/2726 341/2727
f 346/2728 444/2729 341/2730
f 341/2731 444/2732 342/2733
f 338/2734 341/2735 340/2736
f 339/2737 336/2738 337/2739
f 342/2740 336/2741 340/2742
f 336/2743 339/2744 340/2745
f 446/2746 336/2747 343/2748
f 336/2749 342/2750 343/2751
f 335/2752 336/2753 334/2754
f 336/2755 446/2756 334/2757
f 446/2758 445/2759 334/2760
f 333/2761 445/2762 441/2763
f 445/2764 333/2765 334/2766
f 332/2767 333/2768 441/2769
f 332/2770 441/2771 440/2772
f 332/2773 440/2774 331/2775
f 440/2776 439/2777 331/2778
f 331/2779 330/2780 333/2781
f 333/2782 330/2783 335/2784
f 337/2785 335/2786 329/2787
f 335/2788 330/2789 329/2790
f 329/2791 338/2792 337/2793
f 328/2794 329/2795 331/2796
f 327/2797 338/2798 329/2799
f 443/2800 341/2801 327/2802
f 341/2803 338/2804 327/2805
f 443/2806 327/2807 432/2808
f 432/2809 326/2810 433/2811
f 327/2812 326/2813 432/2814
f 355/2815 325/2816 354/2817
f 325/2818 439/2819 354/2820
f 328/2821 331/2822 325/2823
f 331/2824 439/2825 325/2826
f 355/2827 433/2828 325/2829
f 433/2830 326/2831 325/2832
f 328/2833 325/2834 327/2835
f 447/2836 448/2837 449/2838
f 450/2839 449/2840 451/2841
f 451/2842 452/2843 453/2844
f 454/2845 455/2846 453/2847
f 456/2848 455/2849 457/2850
f 458/2851 456/2852 459/2853
f 460/2854 461/2855 459/2856
f 461/2857 462/2858 463/2859
f 462/2860 464/2861 463/2862
f 465/2863 466/2864 462/2865
f 467/2866 466/2867 468/2868
f 469/2869 468/2870 470/2871
f 470/2872 471/2873 472/2874
f 472/2875 473/2876 474/2877
f 474/2878 475/2879 476/2880
f 475/2881 477/2882 476/2883
f 476/2884 478/2885 474/2886
f 479/2887 478/2888 480/2889
f 478/2890 479/2891 474/2892
f 473/2893 475/2894 474/2895
f 471/2896 473/2897 472/2898
f 477/2899 471/2900 470/2901
f 476/2902 477/2903 470/2904
f 472/2905 474/2906 469/2907
f 474/2908 479/2909 469/2910
f 472/2911 469/2912 470/2913
f 470/2914 468/2915 476/2916
f 468/2917 478/2918 476/2919
f 469/2920 479/2921 467/2922
f 479/2923 480/2924 467/2925
f 469/2926 467/2927 468/2928
f 468/2929 466/2930 478/2931
f 478/2932 465/2933 480/2934
f 466/2935 465/2936 478/2937
f 466/2938 481/2939 462/2940
f 462/2941 481/2942 482/2943
f 464/2944 462/2945 482/2946
f 480/2947 465/2948 461/2949
f 465/2950 462/2951 461/2952
f 480/2953 461/2954 467/2955
f 461/2956 460/2957 467/2958
f 467/2959 460/2960 466/2961
f 460/2962 481/2963 466/2964
f 461/2965 463/2966 459/2967
f 481/2968 460/2969 459/2970
f 482/2971 481/2972 459/2973
f 463/2974 458/2975 459/2976
f 459/2977 456/2978 482/2979
f 483/2980 484/2981 454/2982
f 485/2983 457/2984 454/2985
f 457/2986 455/2987 454/2988
f 485/2989 454/2990 486/2991
f 454/2992 484/2993 486/2994
f 453/2995 483/2996 454/2997
f 452/2998 483/2999 453/3000
f 485/3001 486/3002 452/3003
f 457/3004 485/3005 451/3006
f 451/3007 485/3008 452/3009
f 455/3010 456/3011 450/3012
f 456/3013 458/3014 450/3015
f 455/3016 450/3017 453/3018
f 453/3019 450/3020 451/3021
f 449/3022 457/3023 451/3024
f 456/3025 448/3026 482/3027
f 448/3028 456/3029 457/3030
f 448/3031 457/3032 449/3033
f 458/3034 447/3035 450/3036
f 447/3037 449/3038 450/3039
f 464/3040 447/3041 463/3042
f 447/3043 458/3044 463/3045
f 464/3046 482/3047 447/3048
f 482/3049 448/3050 447/3051
f 487/3052 488/3053 489/3054
f 490/3055 489/3056 491/3057
f 492/3058 493/3059 491/3060
f 494/3061 493/3062 495/3063
f 496/3064 497/3065 495/3066
f 498/3067 499/3068 496/3069
f 500/3070 501/3071 498/3072
f 502/3073 501/3074 500/3075
f 501/3076 499/3077 498/3078
f 500/3079 498/3080 503/3081
f 498/3082 504/3083 503/3084
f 505/3085 504/3086 498/3087
f 499/3088 497/3089 496/3090
f 496/3091 505/3092 498/3093
f 496/3094 495/3095 505/3096
f 495/3097 506/3098 505/3099
f 497/3100 494/3101 495/3102
f 493/3103 492/3104 495/3105
f 495/3106 492/3107 506/3108
f 492/3109 507/3110 506/3111
f 493/3112 508/3113 491/3114
f 492/3115 491/3116 507/3117
f 491/3118 509/3119 507/3120
f 491/3121 508/3122 490/3123
f 508/3124 510/3125 490/3126
f 489/3127 509/3128 491/3129
f 500/3130 503/3131 488/3132
f 487/3133 502/3134 500/3135
f 487/3136 500/3137 488/3138
f 490/3139 510/3140 487/3141
f 510/3142 502/3143 487/3144
f 490/3145 487/3146 489/3147
f 674/5989 675/5990 676/5991
f 674/5992 676/5993 677/5994
f 678/5995 679/5996 680/5997
f 678/5998 680/5999 681/6000
f 674/6001 677/6002 679/6003
f 674/6004 679/6005 678/6006
f 675/6007 681/6008 680/6009
f 675/6010 680/6011 676/6012
f 677/6013 676/6014 680/6015
f 677/6016 680/6017 679/6018
f 674/6019 678/6020 681/6021
f 674/6022 681/6023 675/6024
f 682/6025 683/6026 684/6027
f 682/6028 684/6029 685/6030
f 686/6031 687/6032 688/6033
f 686/6034 688/6035 689/6036
f 682/6037 685/6038 687/6039
f 682/6040 687/6041 686/6042
f 683/6043 689/6044 688/6045
f 683/6046 688/6047 684/6048
f 685/6049 684/6050 688/6051
f 685/6052 688/6053 687/6054
f 682/6055 686/6056 689/6057
f 682/6058 689/6059 683/6060
f 690/6061 691/6062 692/6063
f 690/6064 692/6065 693/6066
f 694/6067 695/6068 696/6069
f 694/6070 696/6071 697/6072
f 690/6073 693/6074 695/6075
f 690/6076 695/6077 694/6078
f 691/6079 697/6080 696/6081
f 691/6082 696/6083 692/6084
f 693/6085 692/6086 696/6087
f 693/6088 696/6089 695/6090
f 690/6091 694/6092 697/6093
f 690/6094 697/6095 691/6096
f 698/6097 699/6098 700/6099
f 698/6100 700/6101 701/6102
f 702/6103 703/6104 704/6105
f 702/6106 704/6107 705/6108
f 698/6109 701/6110 703/6111
f 698/6112 703/6113 702/6114
f 699/6115 705/6116 704/6117
f 699/6118 704/6119 700/6120
f 701/6121 700/6122 704/6123
f 701/6124 704/6125 703/6126
f 698/6127 702/6128 705/6129
f 698/6130 705/6131 699/6132
f 706/6133 707/6134 708/6135
f 706/6136 708/6137 709/6138
f 710/6139 711/6140 712/6141
f 710/6142 712/6143 713/6144
f 706/6145 709/6146 711/6147
f 706/6148 711/6149 710/6150
f 707/6151 713/6152 712/6153
f 707/6154 712/6155 708/6156
f 709/6157 708/6158 712/6159
f 709/6160 712/6161 711/6162
f 706/6163 710/6164 713/6165
f 706/6166 713/6167 707/6168
f 714/6169 715/6170 716/6171
f 714/6172 716/6173 717/6174
f 718/6175 719/6176 720/6177
f 718/6178 720/6179 721/6180
f 714/6181 717/6182 719/6183
f 714/6184 719/6185 718/6186
f 715/6187 721/6188 720/6189
f 715/6190 720/6191 716/6192
f 717/6193 716/6194 720/6195
f 717/6196 720/6197 719/6198
f 714/6199 718/6200 721/6201
f 714/6202 721/6203 715/6204
f 722/6205 723/6206 724/6207
f 722/6208 724/6209 725/6210
f 726/6211 727/6212 728/6213
f 726/6214 728/6215 729/6216
f 722/6217 725/6218 727/6219
f 722/6220 727/6221 726/6222
f 723/6223 729/6224 728/6225
f 723/6226 728/6227 724/6228
f 725/6229 724/6230 728/6231
f 725/6232 728/6233 727/6234
f 722/6235 726/6236 729/6237
f 722/6238 729/6239 723/6240
f 730/6241 731/6242 732/6243
f 730/6244 732/6245 733/6246
f 734/6247 735/6248 736/6249
f 734/6250 736/6251 737/6252
f 730/6253 733/6254 735/6255
f 730/6256 735/6257 734/6258
f 731/6259 737/6260 736/6261
f 731/6262 736/6263 732/6264
f 733/6265 732/6266 736/6267
f 733/6268 736/6269 735/6270
f 730/6271 734/6272 737/6273
f 730/6274 737/6275 731/6276
f 738/6277 739/6278 740/6279
f 738/6280 740/6281 741/6282
f 742/6283 743/6284 744/6285
f 742/6286 744/6287 745/6288
f 738/6289 741/6290 743/6291
f 738/6292 743/6293 742/6294
f 739/6295 745/6296 744/6297
f 739/6298 744/6299 740/6300
f 741/6301 740/6302 744/6303
f 741/6304 744/6305 743/6306
f 738/6307 742/6308 745/6309
f 738/6310 745/6311 739/6312
f 746/6313 747/6314 748/6315
f 746/6316 748/6317 749/6318
f 750/6319 751/6320 752/6321
f 750/6322 752/6323 753/6324
f 746/6325 749/6326 751/6327
f 746/6328 751/6329 750/6330
f 747/6331 753/6332 752/6333
f 747/6334 752/6335 748/6336
f 749/6337 748/6338 752/6339
f 749/6340 752/6341 751/6342
f 746/6343 750/6344 753/6345
f 746/6346 753/6347 747/6348
f 754/6349 755/6350 756/6351
f 754/6352 756/6353 757/6354
f 758/6355 759/6356 760/6357
f 758/6358 760/6359 761/6360
f 754/6361 757/6362 759/6363
f 754/6364 759/6365 758/6366
f 755/6367 761/6368 760/6369
f 755/6370 760/6371 756/6372
f 757/6373 756/6374 760/6375
f 757/6376 760/6377 759/6378
f 754/6379 758/6380 761/6381
f 754/6382 761/6383 755/6384
f 762/6385 763/6386 764/6387
f 762/6388 764/6389 765/6390
f 766/6391 767/6392 768/6393
f 766/6394 768/6395 769/6396
f 762/6397 765/6398 767/6399
f 762/6400 767/6401 766/6402
f 763/6403 769/6404 768/6405
f 763/6406 768/6407 764/6408
f 765/6409 764/6410 768/6411
f 765/6412 768/6413 767/6414
f 762/6415 766/6416 769/6417
f 762/6418 769/6419 763/6420
f 770/6421 771/6422 772/6423
f 770/6424 772/6425 773/6426
f 774/6427 775/6428 776/6429
f 774/6430 776/6431 777/6432
f 770/6433 773/6434 775/6435
f 770/6436 775/6437 774/6438
f 771/6439 777/6440 776/6441
f 771/6442 776/6443 772/6444
f 773/6445 772/6446 776/6447
f 773/6448 776/6449 775/6450
f 770/6451 774/6452 777/6453
f 770/6454 777/6455 771/6456
f 778/6457 779/6458 780/6459
f 778/6460 780/6461 781/6462
f 782/6463 783/6464 784/6465
f 782/6466 784/6467 785/6468
f 778/6469 781/6470 783/6471
f 778/6472 783/6473 782/6474
f 779/6475 785/6476 784/6477
f 779/6478 784/6479 780/6480
f 781/6481 780/6482 784/6483
f 781/6484 784/6485 783/6486
f 778/6487 782/6488 785/6489
f 778/6490 785/6491 779/6492
f 786/6493 787/6494 788/6495
f 786/6496 788/6497 789/6498
f 790/6499 791/6500 792/6501
f 790/6502 792/6503 793/6504
f 786/6505 789/6506 791/6507
f 786/6508 791/6509 790/6510
f 787/6511 793/6512 792/6513
f 787/6514 792/6515 788/6516
f 789/6517 788/6518 792/6519
f 789/6520 792/6521 791/6522
f 786/6523 790/6524 793/6525
f 786/6526 793/6527 787/6528
f 794/6529 795/6530 796/6531
f 794/6532 796/6533 797/6534
f 798/6535 799/6536 800/6537
f 798/6538 800/6539 801/6540
f 794/6541 797/6542 799/6543
f 794/6544 799/6545 798/6546
f 795/6547 801/6548 800/6549
f 795/6550 800/6551 796/6552
f 797/6553 796/6554 800/6555
f 797/6556 800/6557 799/6558
f 794/6559 798/6560 801/6561
f 794/6562 801/6563 795/6564
f 802/6565 803/6566 804/6567
f 802/6568 804/6569 805/6570
f 806/6571 807/6572 808/6573
f 806/6574 808/6575 809/6576
f 802/6577 805/6578 807/6579
f 802/6580 807/6581 806/6582
f 803/6583 809/6584 808/6585
f 803/6586 808/6587 804/6588
f 805/6589 804/6590 808/6591
f 805/6592 808/6593 807/6594
f 802/6595 806/6596 809/6597
f 802/6598 809/6599 803/6600
f 810/6601 811/6602 812/6603
f 810/6604 812/6605 813/6606
f 814/6607 815/6608 816/6609
f 814/6610 816/6611 817/6612
f 810/6613 813/6614 815/6615
f 810/6616 815/6617 814/6618
f 811/6619 817/6620 816/6621
f 811/6622 816/6623 812/6624
f 813/6625 812/6626 816/6627
f 813/6628 816/6629 815/6630
f 810/6631 814/6632 817/6633
f 810/6634 817/6635 811/6636
g item_damaged
f 268/3148 269/3149 270/3150
f 271/3151 268/3152 270/3153
f 272/3154 273/3155 274/3156
f 275/3157 272/3158 274/3159
f 276/3160 277/3161 269/3162
f 268/3163 276/3164 269/3165
f 276/3166 275/3167 274/3168
f 277/3169 276/3170 274/3171
f 269/3172 277/3173 278/3174
f 270/3175 269/3176 278/3177
f 277/3178 274/3179 273/3180
f 278/3181 277/3182 273/3183
f 270/3184 278/3185 279/3186
f 271/3187 270/3188 279/3189
f 278/3190 273/3191 272/3192
f 279/3193 278/3194 272/3195
f 297/3196 298/3197 299/3198
f 300/3199 297/3200 299/3201
f 301/3202 302/3203 303/3204
f 304/3205 301/3206 303/3207
f 300/3208 299/3209 302/3210
f 301/3211 300/3212 302/3213
f 304/3214 303/3215 305/3216
f 306/3217 304/3218 305/3219
f 306/3220 305/3221 298/3222
f 297/3223 306/3224 298/3225
f 307/3226 308/3227 309/3228
f 310/3229 307/3230 309/3231
f 311/3232 312/3233 313/3234
f 314/3235 311/3236 313/3237
f 312/3238 315/3239 316/3240
f 313/3241 312/3242 316/3243
f 315/3244 307/3245 310/3246
f 316/3247 315/3248 310/3249
f 308/3250 317/3251 318/3252
f 309/3253 308/3254 318/3255
f 317/3256 311/3257 314/3258
f 318/3259 317/3260 314/3261
f 314/3262 313/3263 316/3264
f 310/3265 314/3266 316/3267
f 318/3268 314/3269 310/3270
f 309/3271 318/3272 310/3273
f 268/3274 271/3275 319/3276
f 320/3277 268/3278 319/3279
f 272/3280 275/3281 321/3282
f 322/3283 272/3284 321/3285
f 275/3286 276/3287 323/3288
f 321/3289 275/3290 323/3291
f 276/3292 268/3293 320/3294
f 323/3295 276/3296 320/3297
f 271/3298 279/3299 324/3300
f 319/3301 271/3302 324/3303
f 279/3304 272/3305 322/3306
f 324/3307 279/3308 322/3309
f 325/3310 326/3311 327/3312
f 328/3313 327/3314 329/3315
f 329/3316 330/3317 331/3318
f 332/3319 331/3320 333/3321
f 334/3322 333/3323 335/3324
f 336/3325 335/3326 337/3327
f 338/3328 339/3329 337/3330
f 339/3331 338/3332 340/3333
f 340/3334 341/3335 342/3336
f 343/3337 342/3338 344/3339
f 345/3340 344/3341 346/3342
f 346/3343 347/3344 348/3345
f 349/3346 350/3347 348/3348
f 351/3349 350/3350 352/3351
f 352/3352 353/3353 354/3354
f 355/3355 354/3356 356/3357
f 357/3358 356/3359 358/3360
f 358/3361 359/3362 360/3363
f 361/3364 360/3365 362/3366
f 362/3367 363/3368 364/3369
f 365/3370 364/3371 366/3372
f 367/3373 366/3374 368/3375
f 368/3376 369/3377 370/3378
f 371/3379 370/3380 372/3381
f 373/3382 372/3383 374/3384
f 375/3385 376/3386 374/3387
f 377/3388 378/3389 376/3390
f 379/3391 380/3392 378/3393
f 380/3394 381/3395 382/3396
f 383/3397 384/3398 382/3399
f 385/3400 386/3401 384/3402
f 386/3403 387/3404 388/3405
f 389/3406 390/3407 388/3408
f 391/3409 390/3410 392/3411
f 392/3412 393/3413 394/3414
f 395/3415 394/3416 396/3417
f 397/3418 396/3419 398/3420
f 399/3421 398/3422 400/3423
f 401/3424 402/3425 400/3426
f 402/3427 401/3428 403/3429
f 403/3430 404/3431 405/3432
f 406/3433 405/3434 407/3435
f 408/3436 407/3437 409/3438
f 408/3439 409/3440 410/3441
f 411/3442 412/3443 410/3444
f 413/3445 412/3446 414/3447
f 414/3448 412/3449 411/3450
f 410/3451 412/3452 413/3453
f 408/3454 410/3455 413/3456
f 407/3457 415/3458 409/3459
f 408/3460 413/3461 407/3462
f 413/3463 416/3464 407/3465
f 407/3466 416/3467 406/3468
f 416/3469 417/3470 406/3471
f 405/3472 415/3473 407/3474
f 409/3475 415/3476 404/3477
f 404/3478 415/3479 405/3480
f 401/3481 404/3482 403/3483
f 402/3484 399/3485 400/3486
f 405/3487 399/3488 403/3489
f 399/3490 402/3491 403/3492
f 417/3493 399/3494 406/3495
f 399/3496 405/3497 406/3498
f 398/3499 399/3500 397/3501
f 399/3502 417/3503 397/3504
f 417/3505 416/3506 397/3507
f 396/3508 416/3509 413/3510
f 416/3511 396/3512 397/3513
f 395/3514 396/3515 413/3516
f 395/3517 413/3518 414/3519
f 394/3520 418/3521 419/3522
f 395/3523 414/3524 394/3525
f 414/3526 418/3527 394/3528
f 394/3529 393/3530 396/3531
f 396/3532 393/3533 398/3534
f 400/3535 398/3536 392/3537
f 398/3538 393/3539 392/3540
f 392/3541 401/3542 400/3543
f 391/3544 392/3545 394/3546
f 391/3547 394/3548 419/3549
f 390/3550 401/3551 392/3552
f 404/3553 401/3554 390/3555
f 391/3556 419/3557 390/3558
f 419/3559 420/3560 390/3561
f 389/3562 404/3563 390/3564
f 389/3565 409/3566 404/3567
f 390/3568 420/3569 388/3570
f 389/3571 388/3572 409/3573
f 409/3574 387/3575 410/3576
f 388/3577 387/3578 409/3579
f 410/3580 387/3581 386/3582
f 385/3583 410/3584 386/3585
f 385/3586 411/3587 410/3588
f 386/3589 421/3590 384/3591
f 385/3592 384/3593 411/3594
f 384/3595 422/3596 411/3597
f 423/3598 422/3599 384/3600
f 424/3601 425/3602 423/3603
f 426/3604 424/3605 427/3606
f 427/3607 428/3608 429/3609
f 430/3610 429/3611 431/3612
f 430/3613 431/3614 432/3615
f 430/3616 432/3617 433/3618
f 430/3619 433/3620 429/3621
f 433/3622 434/3623 429/3624
f 429/3625 434/3626 435/3627
f 431/3628 428/3629 436/3630
f 429/3631 428/3632 431/3633
f 436/3634 428/3635 427/3636
f 426/3637 427/3638 429/3639
f 426/3640 429/3641 435/3642
f 426/3643 435/3644 424/3645
f 435/3646 425/3647 424/3648
f 383/3649 423/3650 384/3651
f 383/3652 424/3653 423/3654
f 384/3655 421/3656 382/3657
f 383/3658 382/3659 424/3660
f 424/3661 381/3662 427/3663
f 382/3664 381/3665 424/3666
f 427/3667 381/3668 380/3669
f 379/3670 427/3671 380/3672
f 379/3673 436/3674 427/3675
f 380/3676 437/3677 378/3678
f 379/3679 378/3680 436/3681
f 378/3682 438/3683 436/3684
f 378/3685 437/3686 376/3687
f 376/3688 437/3689 374/3690
f 374/3691 437/3692 380/3693
f 373/3694 374/3695 380/3696
f 373/3697 380/3698 382/3699
f 372/3700 421/3701 386/3702
f 373/3703 382/3704 372/3705
f 382/3706 421/3707 372/3708
f 371/3709 372/3710 386/3711
f 371/3712 386/3713 388/3714
f 370/3715 420/3716 419/3717
f 371/3718 388/3719 370/3720
f 388/3721 420/3722 370/3723
f 370/3724 369/3725 372/3726
f 372/3727 369/3728 374/3729
f 375/3730 374/3731 368/3732
f 374/3733 369/3734 368/3735
f 367/3736 368/3737 370/3738
f 367/3739 370/3740 419/3741
f 366/3742 418/3743 414/3744
f 367/3745 419/3746 366/3747
f 419/3748 418/3749 366/3750
f 411/3751 422/3752 365/3753
f 365/3754 366/3755 414/3756
f 365/3757 414/3758 411/3759
f 422/3760 364/3761 365/3762
f 364/3763 422/3764 423/3765
f 366/3766 363/3767 368/3768
f 364/3769 363/3770 366/3771
f 375/3772 368/3773 362/3774
f 368/3775 363/3776 362/3777
f 375/3778 362/3779 376/3780
f 361/3781 362/3782 364/3783
f 361/3784 364/3785 423/3786
f 360/3787 425/3788 435/3789
f 361/3790 423/3791 360/3792
f 423/3793 425/3794 360/3795
f 360/3796 359/3797 362/3798
f 362/3799 359/3800 376/3801
f 377/3802 376/3803 358/3804
f 376/3805 359/3806 358/3807
f 357/3808 358/3809 360/3810
f 357/3811 360/3812 435/3813
f 356/3814 434/3815 433/3816
f 357/3817 435/3818 356/3819
f 435/3820 434/3821 356/3822
f 355/3823 356/3824 433/3825
f 354/3826 439/3827 440/3828
f 441/3829 442/3830 440/3831
f 354/3832 353/3833 356/3834
f 356/3835 353/3836 358/3837
f 377/3838 358/3839 352/3840
f 358/3841 353/3842 352/3843
f 377/3844 352/3845 378/3846
f 352/3847 438/3848 378/3849
f 351/3850 352/3851 354/3852
f 351/3853 354/3854 440/3855
f 350/3856 438/3857 352/3858
f 351/3859 440/3860 350/3861
f 440/3862 442/3863 350/3864
f 436/3865 438/3866 349/3867
f 438/3868 350/3869 349/3870
f 349/3871 431/3872 436/3873
f 350/3874 442/3875 348/3876
f 348/3877 442/3878 441/3879
f 349/3880 348/3881 431/3882
f 431/3883 347/3884 432/3885
f 348/3886 347/3887 431/3888
f 443/3889 432/3890 346/3891
f 432/3892 347/3893 346/3894
f 345/3895 348/3896 441/3897
f 345/3898 346/3899 348/3900
f 344/3901 444/3902 346/3903
f 345/3904 441/3905 344/3906
f 441/3907 445/3908 344/3909
f 344/3910 445/3911 343/3912
f 445/3913 446/3914 343/3915
f 342/3916 444/3917 344/3918
f 443/3919 346/3920 341/3921
f 346/3922 444/3923 341/3924
f 341/3925 444/3926 342/3927
f 338/3928 341/3929 340/3930
f 339/3931 336/3932 337/3933
f 342/3934 336/3935 340/3936
f 336/3937 339/3938 340/3939
f 446/3940 336/3941 343/3942
f 336/3943 342/3944 343/3945
f 335/3946 336/3947 334/3948
f 336/3949 446/3950 334/3951
f 446/3952 445/3953 334/3954
f 333/3955 445/3956 441/3957
f 445/3958 333/3959 334/3960
f 332/3961 333/3962 441/3963
f 332/3964 441/3965 440/3966
f 332/3967 440/3968 331/3969
f 440/3970 439/3971 331/3972
f 331/3973 330/3974 333/3975
f 333/3976 330/3977 335/3978
f 337/3979 335/3980 329/3981
f 335/3982 330/3983 329/3984
f 329/3985 338/3986 337/3987
f 328/3988 329/3989 331/3990
f 327/3991 338/3992 329/3993
f 443/3994 341/3995 327/3996
f 341/3997 338/3998 327/3999
f 443/4000 327/4001 432/4002
f 432/4003 326/4004 433/4005
f 327/4006 326/4007 432/4008
f 355/4009 325/4010 354/4011
f 325/4012 439/4013 354/4014
f 328/4015 331/4016 325/4017
f 331/4018 439/4019 325/4020
f 355/4021 433/4022 325/4023
f 433/4024 326/4025 325/4026
f 328/4027 325/4028 327/4029
f 447/4030 448/4031 449/4032
f 450/4033 449/4034 451/4035
f 451/4036 452/4037 453/4038
f 454/4039 455/4040 453/4041
f 456/4042 455/4043 457/4044
f 458/4045 456/4046 459/4047
f 460/4048 461/4049 459/4050
f 461/4051 462/4052 463/4053
f 462/4054 464/4055 463/4056
f 465/4057 466/4058 462/4059
f 467/4060 466/4061 468/4062
f 469/4063 468/4064 470/4065
f 470/4066 471/4067 472/4068
f 472/4069 473/4070 474/4071
f 474/4072 475/4073 476/4074
f 475/4075 477/4076 476/4077
f 476/4078 478/4079 474/4080
f 479/4081 478/4082 480/4083
f 478/4084 479/4085 474/4086
f 473/4087 475/4088 474/4089
f 471/4090 473/4091 472/4092
f 477/4093 471/4094 470/4095
f 476/4096 477/4097 470/4098
f 472/4099 474/4100 469/4101
f 474/4102 479/4103 469/4104
f 472/4105 469/4106 470/4107
f 470/4108 468/4109 476/4110
f 468/4111 478/4112 476/4113
f 469/4114 479/4115 467/4116
f 479/4117 480/4118 467/4119
f 469/4120 467/4121 468/4122
f 468/4123 466/4124 478/4125
f 478/4126 465/4127 480/4128
f 466/4129 465/4130 478/4131
f 466/4132 481/4133 462/4134
f 462/4135 481/4136 482/4137
f 464/4138 462/4139 482/4140
f 480/4141 465/4142 461/4143
f 465/4144 462/4145 461/4146
f 480/4147 461/4148 467/4149
f 461/4150 460/4151 467/4152
f 467/4153 460/4154 466/4155
f 460/4156 481/4157 466/4158
f 461/4159 463/4160 459/4161
f 481/4162 460/4163 459/4164
f 482/4165 481/4166 459/4167
f 463/4168 458/4169 459/4170
f 459/4171 456/4172 482/4173
f 483/4174 484/4175 454/4176
f 485/4177 457/4178 454/4179
f 457/4180 455/4181 454/4182
f 485/4183 454/4184 486/4185
f 454/4186 484/4187 486/4188
f 453/4189 483/4190 454/4191
f 452/4192 483/4193 453/4194
f 485/4195 486/4196 452/4197
f 457/4198 485/4199 451/4200
f 451/4201 485/4202 452/4203
f 455/4204 456/4205 450/4206
f 456/4207 458/4208 450/4209
f 455/4210 450/4211 453/4212
f 453/4213 450/4214 451/4215
f 449/4216 457/4217 451/4218
f 456/4219 448/4220 482/4221
f 448/4222 456/4223 457/4224
f 448/4225 457/4226 449/4227
f 458/4228 447/4229 450/4230
f 447/4231 449/4232 450/4233
f 464/4234 447/4235 463/4236
f 447/4237 458/4238 463/4239
f 464/4240 482/4241 447/4242
f 482/4243 448/4244 447/4245
f 487/4246 488/4247 489/4248
f 490/4249 489/4250 491/4251
f 492/4252 493/4253 491/4254
f 494/4255 493/4256 495/4257
f 496/4258 497/4259 495/4260
f 498/4261 499/4262 496/4263
f 500/4264 501/4265 498/4266
f 502/4267 501/4268 500/4269
f 501/4270 499/4271 498/4272
f 500/4273 498/4274 503/4275
f 498/4276 504/4277 503/4278
f 505/4279 504/4280 498/4281
f 499/4282 497/4283 496/4284
f 496/4285 505/4286 498/4287
f 496/4288 495/4289 505/4290
f 495/4291 506/4292 505/4293
f 497/4294 494/4295 495/4296
f 493/4297 492/4298 495/4299
f 495/4300 492/4301 506/4302
f 492/4303 507/4304 506/4305
f 493/4306 508/4307 491/4308
f 492/4309 491/4310 507/4311
f 491/4312 509/4313 507/4314
f 491/4315 508/4316 490/4317
f 508/4318 510/4319 490/4320
f 489/4321 509/4322 491/4323
f 500/4324 503/4325 488/4326
f 487/4327 502/4328 500/4329
f 487/4330 500/4331 488/4332
f 490/4333 510/4334 487/4335
f 510/4336 502/4337 487/4338
f 490/4339 487/4340 489/4341
f 674/6637 675/6638 676/6639
f 674/6640 676/6641 677/6642
f 678/6643 679/6644 680/6645
f 678/6646 680/6647 681/6648
f 674/6649 677/6650 679/6651
f 674/6652 679/6653 678/6654
f 675/6655 681/6656 680/6657
f 675/6658 680/6659 676/6660
f 677/6661 676/6662 680/6663
f 677/6664 680/6665 679/6666
f 674/6667 678/6668 681/6669
f 674/6670 681/6671 675/6672
f 682/6673 683/6674 684/6675
f 682/6676 684/6677 685/6678
f 686/6679 687/6680 688/6681
f 686/6682 688/6683 689/6684
f 682/6685 685/6686 687/6687
f 682/6688 687/6689 686/6690
f 683/6691 689/6692 688/6693
f 683/6694 688/6695 684/6696
f 685/6697 684/6698 688/6699
f 685/6700 688/6701 687/6702
f 682/6703 686/6704 689/6705
f 682/6706 689/6707 683/6708
f 690/6709 691/6710 692/6711
f 690/6712 692/6713 693/6714
f 694/6715 695/6716 696/6717
f 694/6718 696/6719 697/6720
f 690/6721 693/6722 695/6723
f 690/6724 695/6725 694/6726
f 691/6727 697/6728 696/6729
f 691/6730 696/6731 692/6732
f 693/6733 692/6734 696/6735
f 693/6736 696/6737 695/6738
f 690/6739 694/6740 697/6741
f 690/6742 697/6743 691/6744
f 698/6745 699/6746 700/6747
f 698/6748 700/6749 701/6750
f 702/6751 703/6752 704/6753
f 702/6754 704/6755 705/6756
f 698/6757 701/6758 703/6759
f 698/6760 703/6761 702/6762
f 699/6763 705/6764 704/6765
f 699/6766 704/6767 700/6768
f 701/6769 700/6770 704/6771
f 701/6772 704/6773 703/6774
f 698/6775 702/6776 705/6777
f 698/6778 705/6779 699/6780
f 706/6781 707/6782 708/6783
f 706/6784 708/6785 709/6786
f 710/6787 711/6788 712/6789
f 710/6790 712/6791 713/6792
f 706/6793 709/6794 711/6795
f 706/6796 711/6797 710/6798
f 707/6799 713/6800 712/6801
f 707/6802 712/6803 708/6804
f 709/6805 708/6806 712/6807
f 709/6808 712/6809 711/6810
f 706/6811 710/6812 713/6813
f 706/6814 713/6815 707/6816
f 714/6817 715/6818 716/6819
f 714/6820 716/6821 717/6822
f 718/6823 719/6824 720/6825
f 718/6826 720/6827 721/6828
f 714/6829 717/6830 719/6831
f 714/6832 719/6833 718/6834
f 715/6835 721/6836 720/6837
f 715/6838 720/6839 716/6840
f 717/6841 716/6842 720/6843
f 717/6844 720/6845 719/6846
f 714/6847 718/6848 721/6849
f 714/6850 721/6851 715/6852
f 722/6853 723/6854 724/6855
f 722/6856 724/6857 725/6858
f 726/6859 727/6860 728/6861
f 726/6862 728/6863 729/6864
f 722/6865 725/6866 727/6867
f 722/6868 727/6869 726/6870
f 723/6871 729/6872 728/6873
f 723/6874 728/6875 724/6876
f 725/6877 724/6878 728/6879
f 725/6880 728/6881 727/6882
f 722/6883 726/6884 729/6885
f 722/6886 729/6887 723/6888
f 730/6889 731/6890 732/6891
f 730/6892 732/6893 733/6894
f 734/6895 735/6896 736/6897
f 734/6898 736/6899 737/6900
f 730/6901 733/6902 735/6903
f 730/6904 735/6905 734/6906
f 731/6907 737/6908 736/6909
f 731/6910 736/6911 732/6912
f 733/6913 732/6914 736/6915
f 733/6916 736/6917 735/6918
f 730/6919 734/6920 737/6921
f 730/6922 737/6923 731/6924
f 738/6925 739/6926 740/6927
f 738/6928 740/6929 741/6930
f 742/6931 743/6932 744/6933
f 742/6934 744/6935 745/6936
f 738/6937 741/6938 743/6939
f 738/6940 743/6941 742/6942
f 739/6943 745/6944 744/6945
f 739/6946 744/6947 740/6948
f 741/6949 740/6950 744/6951
f 741/6952 744/6953 743/6954
f 738/6955 742/6956 745/6957
f 738/6958 745/6959 739/6960
f 746/6961 747/6962 748/6963
f 746/6964 748/6965 749/6966
f 750/6967 751/6968 752/6969
f 750/6970 752/6971 753/6972
f 746/6973 749/6974 751/6975
f 746/6976 751/6977 750/6978
f 747/6979 753/6980 752/6981
f 747/6982 752/6983 748/6984
f 749/6985 748/6986 752/6987
f 749/6988 752/6989 751/6990
f 746/6991 750/6992 753/6993
f 746/6994 753/6995 747/6996
f 754/6997 755/6998 756/6999
f 754/7000 756/7001 757/7002
f 758/7003 759/7004 760/7005
f 758/7006 760/7007 761/7008
f 754/7009 757/7010 759/7011
f 754/7012 759/7013 758/7014
f 755/7015 761/7016 760/7017
f 755/7018 760/7019 756/7020
f 757/7021 756/7022 760/7023
f 757/7024 760/7025 759/7026
f 754/7027 758/7028 761/7029
f 754/7030 761/7031 755/7032
f 762/7033 763/7034 764/7035
f 762/7036 764/7037 765/7038
f 766/7039 767/7040 768/7041
f 766/7042 768/7043 769/7044
f 762/7045 765/7046 767/7047
f 762/7048 767/7049 766/7050
f 763/7051 769/7052 768/7053
f 763/7054 768/7055 764/7056
f 765/7057 764/7058 768/7059
f 765/7060 768/7061 767/7062
f 762/7063 766/7064 769/7065
f 762/7066 769/7067 763/7068
f 770/7069 771/7070 772/7071
f 770/7072 772/7073 773/7074
f 774/7075 775/7076 776/7077
f 774/7078 776/7079 777/7080
f 770/7081 773/7082 775/7083
f 770/7084 775/7085 774/7086
f 771/7087 777/7088 776/7089
f 771/7090 776/7091 772/7092
f 773/7093 772/7094 776/7095
f 773/7096 776/7097 775/7098
f 770/7099 774/7100 777/7101
f 770/7102 777/7103 771/7104
f 778/7105 779/7106 780/7107
f 778/7108 780/7109 781/7110
f 782/7111 783/7112 784/7113
f 782/7114 784/7115 785/7116
f 778/7117 781/7118 783/7119
f 778/7120 783/7121 782/7122
f 779/7123 785/7124 784/7125
f 779/7126 784/7127 780/7128
f 781/7129 780/7130 784/7131
f 781/7132 784/7133 783/7134
f 778/7135 782/7136 785/7137
f 778/7138 785/7139 779/7140
f 786/7141 787/7142 788/7143
f 786/7144 788/7145 789/7146
f 790/7147 791/7148 792/7149
f 790/7150 792/7151 793/7152
f 786/7153 789/7154 791/7155
f 786/7156 791/7157 790/7158
f 787/7159 793/7160 792/7161
f 787/7162 792/7163 788/7164
f 789/7165 788/7166 792/7167
f 789/7168 792/7169 791/7170
f 786/7171 790/7172 793/7173
f 786/7174 793/7175 787/7176
f 794/7177 795/7178 796/7179
f 794/7180 796/7181 797/7182
f 798/7183 799/7184 800/7185
f 798/7186 800/7187 801/7188
f 794/7189 797/7190 799/7191
f 794/7192 799/7193 798/7194
f 795/7195 801/7196 800/7197
f 795/7198 800/7199 796/7200
f 797/7201 796/7202 800/7203
f 797/7204 800/7205 799/7206
f 794/7207 798/7208 801/7209
f 794/7210 801/7211 795/7212
f 802/7213 803/7214 804/7215
f 802/7216 804/7217 805/7218
f 806/7219 807/7220 808/7221
f 806/7222 808/7223 809/7224
f 802/7225 805/7226 807/7227
f 802/7228 807/7229 806/7230
f 803/7231 809/7232 808/7233
f 803/7234 808/7235 804/7236
f 805/7237 804/7238 808/7239
f 805/7240 808/7241 807/7242
f 802/7243 806/7244 809/7245
f 802/7246 809/7247 803/7248
f 810/7249 811/7250 812/7251
f 810/7252 812/7253 813/7254
f 814/7255 815/7256 816/7257
f 814/7258 816/7259 817/7260
f 810/7261 813/7262 815/7263
f 810/7264 815/7265 814/7266
f 811/7267 817/7268 816/7269
f 811/7270 816/7271 812/7272
f 813/7273 812/7274 816/7275
f 813/7276 816/7277 815/7278
f 810/7279 814/7280 817/7281
f 810/7282 817/7283 811/7284
g item_bladens
f 268/4342 269/4343 270/4344
f 271/4345 268/4346 270/4347
f 272/4348 273/4349 274/4350
f 275/4351 272/4352 274/4353
f 276/4354 277/4355 269/4356
f 268/4357 276/4358 269/4359
f 276/4360 275/4361 274/4362
f 277/4363 276/4364 274/4365
f 269/4366 277/4367 278/4368
f 270/4369 269/4370 278/4371
f 277/4372 274/4373 273/4374
f 278/4375 277/4376 273/4377
f 270/4378 278/4379 279/4380
f 271/4381 270/4382 279/4383
f 278/4384 273/4385 272/4386
f 279/4387 278/4388 272/4389
f 280/4390 281/4391 282/4392
f 281/4393 283/4394 282/4395
f 284/4396 285/4397 286/4398
f 284/4399 286/4400 282/4401
f 283/4402 284/4403 282/4404
f 285/4405 280/4406 282/4407
f 286/4408 285/4409 282/4410
f 283/4411 287/4412 288/4413
f 284/4414 283/4415 288/4416
f 280/4417 285/4418 289/4419
f 290/4420 280/4421 289/4422
f 285/4423 284/4424 288/4425
f 289/4426 285/4427 288/4428
f 280/4429 290/4430 291/4431
f 281/4432 280/4433 291/4434
f 283/4435 281/4436 291/4437
f 287/4438 283/4439 291/4440
f 288/4441 287/4442 292/4443
f 293/4444 288/4445 292/4446
f 290/4447 289/4448 294/4449
f 295/4450 290/4451 294/4452
f 289/4453 288/4454 293/4455
f 294/4456 289/4457 293/4458
f 291/4459 290/4460 295/4461
f 296/4462 291/4463 295/4464
f 287/4465 291/4466 296/4467
f 292/4468 287/4469 296/4470
f 297/4471 298/4472 299/4473
f 300/4474 297/4475 299/4476
f 293/4477 292/4478 297/4479
f 300/4480 293/4481 297/4482
f 301/4483 302/4484 303/4485
f 304/4486 301/4487 303/4488
f 295/4489 294/4490 301/4491
f 304/4492 295/4493 301/4494
f 300/4495 299/4496 302/4497
f 301/4498 300/4499 302/4500
f 294/4501 293/4502 300/4503
f 301/4504 294/4505 300/4506
f 304/4507 303/4508 305/4509
f 306/4510 304/4511 305/4512
f 296/4513 295/4514 304/4515
f 306/4516 296/4517 304/4518
f 306/4519 305/4520 298/4521
f 297/4522 306/4523 298/4524
f 292/4525 296/4526 306/4527
f 297/4528 292/4529 306/4530
f 307/4531 308/4532 309/4533
f 310/4534 307/4535 309/4536
f 311/4537 312/4538 313/4539
f 314/4540 311/4541 313/4542
f 312/4543 315/4544 316/4545
f 313/4546 312/4547 316/4548
f 315/4549 307/4550 310/4551
f 316/4552 315/4553 310/4554
f 308/4555 317/4556 318/4557
f 309/4558 308/4559 318/4560
f 317/4561 311/4562 314/4563
f 318/4564 317/4565 314/4566
f 314/4567 313/4568 316/4569
f 310/4570 314/4571 316/4572
f 318/4573 314/4574 310/4575
f 309/4576 318/4577 310/4578
f 268/4579 271/4580 319/4581
f 320/4582 268/4583 319/4584
f 272/4585 275/4586 321/4587
f 322/4588 272/4589 321/4590
f 275/4591 276/4592 323/4593
f 321/4594 275/4595 323/4596
f 276/4597 268/4598 320/4599
f 323/4600 276/4601 320/4602
f 271/4603 279/4604 324/4605
f 319/4606 271/4607 324/4608
f 279/4609 272/4610 322/4611
f 324/4612 279/4613 322/4614
f 674/7285 675/7286 676/7287
f 674/7288 676/7289 677/7290
f 678/7291 679/7292 680/7293
f 678/7294 680/7295 681/7296
f 674/7297 677/7298 679/7299
f 674/7300 679/7301 678/7302
f 675/7303 681/7304 680/7305
f 675/7306 680/7307 676/7308
f 677/7309 676/7310 680/7311
f 677/7312 680/7313 679/7314
f 674/7315 678/7316 681/7317
f 674/7318 681/7319 675/7320
f 682/7321 683/7322 684/7323
f 682/7324 684/7325 685/7326
f 686/7327 687/7328 688/7329
f 686/7330 688/7331 689/7332
f 682/7333 685/7334 687/7335
f 682/7336 687/7337 686/7338
f 683/7339 689/7340 688/7341
f 683/7342 688/7343 684/7344
f 685/7345 684/7346 688/7347
f 685/7348 688/7349 687/7350
f 682/7351 686/7352 689/7353
f 682/7354 689/7355 683/7356
f 690/7357 691/7358 692/7359
f 690/7360 692/7361 693/7362
f 694/7363 695/7364 696/7365
f 694/7366 696/7367 697/7368
f 690/7369 693/7370 695/7371
f 690/7372 695/7373 694/7374
f 691/7375 697/7376 696/7377
f 691/7378 696/7379 692/7380
f 693/7381 692/7382 696/7383
f 693/7384 696/7385 695/7386
f 690/7387 694/7388 697/7389
f 690/7390 697/7391 691/7392
f 698/7393 699/7394 700/7395
f 698/7396 700/7397 701/7398
f 702/7399 703/7400 704/7401
f 702/7402 704/7403 705/7404
f 698/7405 701/7406 703/7407
f 698/7408 703/7409 702/7410
f 699/7411 705/7412 704/7413
f 699/7414 704/7415 700/7416
f 701/7417 700/7418 704/7419
f 701/7420 704/7421 703/7422
f 698/7423 702/7424 705/7425
f 698/7426 705/7427 699/7428
f 706/7429 707/7430 708/7431
f 706/7432 708/7433 709/7434
f 710/7435 711/7436 712/7437
f 710/7438 712/7439 713/7440
f 706/7441 709/7442 711/7443
f 706/7444 711/7445 710/7446
f 707/7447 713/7448 712/7449
f 707/7450 712/7451 708/7452
f 709/7453 708/7454 712/7455
f 709/7456 712/7457 711/7458
f 706/7459 710/7460 713/7461
f 706/7462 713/7463 707/7464
f 714/7465 715/7466 716/7467
f 714/7468 716/7469 717/7470
f 718/7471 719/7472 720/7473
f 718/7474 720/7475 721/7476
f 714/7477 717/7478 719/7479
f 714/7480 719/7481 718/7482
f 715/7483 721/7484 720/7485
f 715/7486 720/7487 716/7488
f 717/7489 716/7490 720/7491
f 717/7492 720/7493 719/7494
f 714/7495 718/7496 721/7497
f 714/7498 721/7499 715/7500
f 722/7501 723/7502 724/7503
f 722/7504 724/7505 725/7506
f 726/7507 727/7508 728/7509
f 726/7510 728/7511 729/7512
f 722/7513 725/7514 727/7515
f 722/7516 727/7517 726/7518
f 723/7519 729/7520 728/7521
f 723/7522 728/7523 724/7524
f 725/7525 724/7526 728/7527
f 725/7528 728/7529 727/7530
f 722/7531 726/7532 729/7533
f 722/7534 729/7535 723/7536
f 730/7537 731/7538 732/7539
f 730/7540 732/7541 733/7542
f 734/7543 735/7544 736/7545
f 734/7546 736/7547 737/7548
f 730/7549 733/7550 735/7551
f 730/7552 735/7553 734/7554
f 731/7555 737/7556 736/7557
f 731/7558 736/7559 732/7560
f 733/7561 732/7562 736/7563
f 733/7564 736/7565 735/7566
f 730/7567 734/7568 737/7569
f 730/7570 737/7571 731/7572
f 738/7573 739/7574 740/7575
f 738/7576 740/7577 741/7578
f 742/7579 743/7580 744/7581
f 742/7582 744/7583 745/7584
f 738/7585 741/7586 743/7587
f 738/7588 743/7589 742/7590
f 739/7591 745/7592 744/7593
f 739/7594 744/7595 740/7596
f 741/7597 740/7598 744/7599
f 741/7600 744/7601 743/7602
f 738/7603 742/7604 745/7605
f 738/7606 745/7607 739/7608
f 746/7609 747/7610 748/7611
f 746/7612 748/7613 749/7614
f 750/7615 751/7616 752/7617
f 750/7618 752/7619 753/7620
f 746/7621 749/7622 751/7623
f 746/7624 751/7625 750/7626
f 747/7627 753/7628 752/7629
f 747/7630 752/7631 748/7632
f 749/7633 748/7634 752/7635
f 749/7636 752/7637 751/7638
f 746/7639 750/7640 753/7641
f 746/7642 753/7643 747/7644
f 754/7645 755/7646 756/7647
f 754/7648 756/7649 757/7650
f 758/7651 759/7652 760/7653
f 758/7654 760/7655 761/7656
f 754/7657 757/7658 759/7659
f 754/7660 759/7661 758/7662
f 755/7663 761/7664 760/7665
f 755/7666 760/7667 756/7668
f 757/7669 756/7670 760/7671
f 757/7672 760/7673 759/7674
f 754/7675 758/7676 761/7677
f 754/7678 761/7679 755/7680
f 762/7681 763/7682 764/7683
f 762/7684 764/7685 765/7686
f 766/7687 767/7688 768/7689
f 766/7690 768/7691 769/7692
f 762/7693 765/7694 767/7695
f 762/7696 767/7697 766/7698
f 763/7699 769/7700 768/7701
f 763/7702 768/7703 764/7704
f 765/7705 764/7706 768/7707
f 765/7708 768/7709 767/7710
f 762/7711 766/7712 769/7713
f 762/7714 769/7715 763/7716
f 770/7717 771/7718 772/7719
f 770/7720 772/7721 773/7722
f 774/7723 775/7724 776/7725
f 774/7726 776/7727 777/7728
f 770/7729 773/7730 775/7731
f 770/7732 775/7733 774/7734
f 771/7735 777/7736 776/7737
f 771/7738 776/7739 772/7740
f 773/7741 772/7742 776/7743
f 773/7744 776/7745 775/7746
f 770/7747 774/7748 777/7749
f 770/7750 777/7751 771/7752
f 778/7753 779/7754 780/7755
f 778/7756 780/7757 781/7758
f 782/7759 783/7760 784/7761
f 782/7762 784/7763 785/7764
f 778/7765 781/7766 783/7767
f 778/7768 783/7769 782/7770
f 779/7771 785/7772 784/7773
f 779/7774 784/7775 780/7776
f 781/7777 780/7778 784/7779
f 781/7780 784/7781 783/7782
f 778/7783 782/7784 785/7785
f 778/7786 785/7787 779/7788
f 786/7789 787/7790 788/7791
f 786/7792 788/7793 789/7794
f 790/7795 791/7796 792/7797
f 790/7798 792/7799 793/7800
f 786/7801 789/7802 791/7803
f 786/7804 791/7805 790/7806
f 787/7807 793/7808 792/7809
f 787/7810 792/7811 788/7812
f 789/7813 788/7814 792/7815
f 789/7816 792/7817 791/7818
f 786/7819 790/7820 793/7821
f 786/7822 793/7823 787/7824
f 794/7825 795/7826 796/7827
f 794/7828 796/7829 797/7830
f 798/7831 799/7832 800/7833
f 798/7834 800/7835 801/7836
f 794/7837 797/7838 799/7839
f 794/7840 799/7841 798/7842
f 795/7843 801/7844 800/7845
f 795/7846 800/7847 796/7848
f 797/7849 796/7850 800/7851
f 797/7852 800/7853 799/7854
f 794/7855 798/7856 801/7857
f 794/7858 801/7859 795/7860
f 802/7861 803/7862 804/7863
f 802/7864 804/7865 805/7866
f 806/7867 807/7868 808/7869
f 806/7870 808/7871 809/7872
f 802/7873 805/7874 807/7875
f 802/7876 807/7877 806/7878
f 803/7879 809/7880 808/7881
f 803/7882 808/7883 804/7884
f 805/7885 804/7886 808/7887
f 805/7888 808/7889 807/7890
f 802/7891 806/7892 809/7893
f 802/7894 809/7895 803/7896
f 810/7897 811/7898 812/7899
f 810/7900 812/7901 813/7902
f 814/7903 815/7904 816/7905
f 814/7906 816/7907 817/7908
f 810/7909 813/7910 815/7911
f 810/7912 815/7913 814/7914
f 811/7915 817/7916 816/7917
f 811/7918 816/7919 812/7920
f 813/7921 812/7922 816/7923
f 813/7924 816/7925 815/7926
f 810/7927 814/7928 817/7929
f 810/7930 817/7931 811/7932
g item_back
f 511/4615 512/4616 513/4617
f 514/4618 511/4619 513/4620
f 515/4621 511/4622 514/4623
f 516/4624 515/4625 514/4626
f 517/4627 515/4628 516/4629
f 518/4630 517/4631 516/4632
f 512/4633 517/4634 518/4635
f 513/4636 512/4637 518/4638
f 518/4639 516/4640 514/4641
f 513/4642 518/4643 514/4644
f 519/4645 512/4646 511/4647
f 520/4648 519/4649 511/4650
f 520/4651 511/4652 515/4653
f 521/4654 520/4655 515/4656
f 521/4657 515/4658 517/4659
f 522/4660 521/4661 517/4662
f 522/4663 517/4664 512/4665
f 519/4666 522/4667 512/4668
f 520/4669 521/4670 522/4671
f 519/4672 520/4673 522/4674
